customer_id,country_name
11000,Australia
11001,Australia
11002,Australia
11003,Australia
11004,Australia
11005,Australia
11006,Australia
11007,Australia
11008,Australia
11009,Australia
11010,Australia
11011,Australia
11012,USA
11013,USA
11014,USA
11015,USA
11016,USA
11017,Australia
11018,Australia
11019,Canada
11020,Canada
11021,USA
11022,USA
11023,USA
11024,USA
11025,Australia
11026,Australia
11027,Australia
11028,Australia
11029,Australia
11030,Australia
11031,Australia
11032,Australia
11033,Australia
11034,Australia
11035,Australia
11036,USA
11037,Canada
11038,Australia
11039,Australia
11040,USA
11041,USA
11042,USA
11043,USA
11044,Australia
11045,Australia
11046,Australia
11047,Australia
11048,Australia
11049,USA
11050,Australia
11051,Australia
11052,Australia
11053,USA
11054,Australia
11055,Australia
11056,Australia
11057,Australia
11058,Australia
11059,Australia
11060,Australia
11061,Australia
11062,USA
11063,USA
11064,USA
11065,USA
11066,USA
11067,USA
11068,Australia
11069,Australia
11070,Australia
11071,Australia
11072,Australia
11073,Australia
11074,Australia
11075,Australia
11076,Australia
11077,Australia
11078,Canada
11079,Australia
11080,Australia
11081,USA
11082,USA
11083,USA
11084,USA
11085,USA
11086,USA
11087,USA
11088,USA
11089,USA
11090,USA
11091,Canada
11092,Australia
11093,Australia
11094,Australia
11095,Australia
11096,Australia
11097,Australia
11098,Australia
11099,Australia
11100,Australia
11101,Australia
11102,Australia
11103,Australia
11104,Australia
11105,Australia
11106,Australia
11107,Australia
11108,Australia
11109,Australia
11110,Australia
11111,Australia
11112,Australia
11113,Australia
11114,Australia
11115,Australia
11116,Australia
11117,Australia
11118,Australia
11119,Australia
11120,Australia
11121,Australia
11122,Australia
11123,Australia
11124,Australia
11125,Australia
11126,Australia
11127,USA
11128,USA
11129,USA
11130,USA
11131,Canada
11132,Canada
11133,USA
11134,Australia
11135,USA
11136,Canada
11137,USA
11138,USA
11139,Australia
11140,USA
11141,USA
11142,Canada
11143,USA
11144,USA
11145,USA
11146,Australia
11147,Australia
11148,Australia
11149,Australia
11150,Australia
11151,Australia
11152,USA
11153,USA
11154,USA
11155,USA
11156,USA
11157,USA
11158,USA
11159,USA
11160,USA
11161,USA
11162,USA
11163,USA
11164,USA
11165,USA
11166,USA
11167,USA
11168,USA
11169,USA
11170,USA
11171,USA
11172,USA
11173,USA
11174,USA
11175,USA
11176,Canada
11177,USA
11178,USA
11179,USA
11180,USA
11181,USA
11182,USA
11183,USA
11184,USA
11185,Canada
11186,USA
11187,USA
11188,USA
11189,USA
11190,USA
11191,USA
11192,USA
11193,USA
11194,USA
11195,USA
11196,USA
11197,USA
11198,USA
11199,USA
11200,Canada
11201,USA
11202,USA
11203,Canada
11204,USA
11205,USA
11206,USA
11207,USA
11208,USA
11209,USA
11210,USA
11211,Canada
11212,Canada
11213,USA
11214,USA
11215,Canada
11216,USA
11217,USA
11218,USA
11219,USA
11220,USA
11221,USA
11222,USA
11223,Canada
11224,USA
11225,USA
11226,USA
11227,USA
11228,USA
11229,USA
11230,USA
11231,USA
11232,USA
11233,USA
11234,USA
11235,USA
11236,USA
11237,Germany
11238,United Kingdom
11239,United Kingdom
11240,United Kingdom
11241,France
11242,France
11243,United Kingdom
11244,United Kingdom
11245,Germany
11246,Germany
11247,United Kingdom
11248,France
11249,Germany
11250,United Kingdom
11251,Canada
11252,USA
11253,Canada
11254,USA
11255,USA
11256,USA
11257,USA
11258,USA
11259,USA
11260,USA
11261,USA
11262,Canada
11263,USA
11264,USA
11265,USA
11266,USA
11267,USA
11268,USA
11269,USA
11270,USA
11271,USA
11272,USA
11273,USA
11274,USA
11275,USA
11276,Canada
11277,Canada
11278,USA
11279,USA
11280,USA
11281,USA
11282,USA
11283,USA
11284,USA
11285,USA
11286,USA
11287,Canada
11288,USA
11289,USA
11290,USA
11291,USA
11292,USA
11293,USA
11294,USA
11295,USA
11296,USA
11297,USA
11298,USA
11299,USA
11300,Canada
11301,USA
11302,USA
11303,USA
11304,USA
11305,USA
11306,USA
11307,USA
11308,USA
11309,USA
11310,USA
11311,USA
11312,USA
11313,USA
11314,USA
11315,USA
11316,Canada
11317,USA
11318,USA
11319,USA
11320,USA
11321,USA
11322,USA
11323,USA
11324,USA
11325,USA
11326,USA
11327,USA
11328,Canada
11329,USA
11330,Canada
11331,Canada
11332,Germany
11333,United Kingdom
11334,United Kingdom
11335,Germany
11336,France
11337,United Kingdom
11338,Germany
11339,France
11340,France
11341,United Kingdom
11342,France
11343,United Kingdom
11344,United Kingdom
11345,France
11346,France
11347,Germany
11348,Germany
11349,Germany
11350,United Kingdom
11351,United Kingdom
11352,France
11353,United Kingdom
11354,Germany
11355,United Kingdom
11356,Australia
11357,Australia
11358,Australia
11359,Australia
11360,Australia
11361,Australia
11362,Australia
11363,Australia
11364,Australia
11365,Australia
11366,Australia
11367,Australia
11368,Australia
11369,Australia
11370,Australia
11371,Australia
11372,Australia
11373,Germany
11374,Germany
11375,United Kingdom
11376,United Kingdom
11377,Germany
11378,France
11379,France
11380,Germany
11381,United Kingdom
11382,France
11383,France
11384,France
11385,United Kingdom
11386,Germany
11387,United Kingdom
11388,United Kingdom
11389,Germany
11390,France
11391,Germany
11392,Germany
11393,France
11394,United Kingdom
11395,Germany
11396,Germany
11397,France
11398,United Kingdom
11399,France
11400,United Kingdom
11401,France
11402,France
11403,France
11404,Germany
11405,Germany
11406,France
11407,Germany
11408,United Kingdom
11409,France
11410,France
11411,Germany
11412,Germany
11413,United Kingdom
11414,United Kingdom
11415,Germany
11416,France
11417,France
11418,Germany
11419,United Kingdom
11420,France
11421,Germany
11422,United Kingdom
11423,Germany
11424,Germany
11425,France
11426,Germany
11427,Germany
11428,Germany
11429,France
11430,Germany
11431,Germany
11432,France
11433,France
11434,United Kingdom
11435,Germany
11436,United Kingdom
11437,France
11438,Germany
11439,France
11440,France
11441,France
11442,France
11443,Australia
11444,Australia
11445,Australia
11446,Australia
11447,Australia
11448,Australia
11449,Australia
11450,Australia
11451,Australia
11452,Australia
11453,Australia
11454,Australia
11455,Australia
11456,Australia
11457,Australia
11458,Australia
11459,Australia
11460,Australia
11461,Australia
11462,Australia
11463,Australia
11464,Australia
11465,Australia
11466,Australia
11467,Australia
11468,United Kingdom
11469,United Kingdom
11470,Germany
11471,France
11472,Australia
11473,France
11474,United Kingdom
11475,United Kingdom
11476,United Kingdom
11477,Germany
11478,France
11479,France
11480,France
11481,Germany
11482,United Kingdom
11483,France
11484,Germany
11485,United Kingdom
11486,Germany
11487,France
11488,United Kingdom
11489,United Kingdom
11490,France
11491,United Kingdom
11492,Germany
11493,United Kingdom
11494,United Kingdom
11495,Germany
11496,United Kingdom
11497,United Kingdom
11498,Canada
11499,USA
11500,Canada
11501,Canada
11502,Canada
11503,USA
11504,USA
11505,Canada
11506,Canada
11507,Canada
11508,USA
11509,USA
11510,Canada
11511,USA
11512,Canada
11513,Canada
11514,USA
11515,USA
11516,USA
11517,USA
11518,USA
11519,Canada
11520,Canada
11521,USA
11522,USA
11523,Canada
11524,USA
11525,USA
11526,Canada
11527,USA
11528,USA
11529,USA
11530,Canada
11531,USA
11532,USA
11533,USA
11534,USA
11535,USA
11536,USA
11537,USA
11538,USA
11539,USA
11540,USA
11541,USA
11542,United Kingdom
11543,France
11544,Germany
11545,France
11546,France
11547,France
11548,United Kingdom
11549,United Kingdom
11550,United Kingdom
11551,France
11552,Germany
11553,United Kingdom
11554,France
11555,United Kingdom
11556,United Kingdom
11557,United Kingdom
11558,United Kingdom
11559,Germany
11560,United Kingdom
11561,Germany
11562,Germany
11563,United Kingdom
11564,Germany
11565,United Kingdom
11566,France
11567,Germany
11568,United Kingdom
11569,United Kingdom
11570,Germany
11571,France
11572,France
11573,United Kingdom
11574,United Kingdom
11575,United Kingdom
11576,France
11577,France
11578,France
11579,United Kingdom
11580,United Kingdom
11581,France
11582,France
11583,France
11584,Germany
11585,United Kingdom
11586,United Kingdom
11587,France
11588,France
11589,United Kingdom
11590,France
11591,France
11592,France
11593,France
11594,France
11595,Germany
11596,United Kingdom
11597,France
11598,Germany
11599,France
11600,France
11601,France
11602,Germany
11603,United Kingdom
11604,United Kingdom
11605,Germany
11606,France
11607,France
11608,France
11609,United Kingdom
11610,United Kingdom
11611,France
11612,United Kingdom
11613,Germany
11614,Germany
11615,United Kingdom
11616,United Kingdom
11617,USA
11618,Canada
11619,Canada
11620,USA
11621,USA
11622,USA
11623,USA
11624,USA
11625,USA
11626,USA
11627,USA
11628,USA
11629,USA
11630,USA
11631,Canada
11632,Canada
11633,USA
11634,USA
11635,USA
11636,USA
11637,USA
11638,USA
11639,USA
11640,Canada
11641,Canada
11642,Canada
11643,USA
11644,USA
11645,USA
11646,USA
11647,Canada
11648,USA
11649,USA
11650,USA
11651,Canada
11652,Canada
11653,USA
11654,USA
11655,USA
11656,USA
11657,USA
11658,USA
11659,Canada
11660,Canada
11661,Canada
11662,USA
11663,USA
11664,USA
11665,USA
11666,USA
11667,USA
11668,USA
11669,USA
11670,USA
11671,USA
11672,USA
11673,USA
11674,USA
11675,USA
11676,USA
11677,Canada
11678,USA
11679,USA
11680,USA
11681,USA
11682,USA
11683,USA
11684,USA
11685,USA
11686,USA
11687,USA
11688,USA
11689,USA
11690,USA
11691,USA
11692,USA
11693,Canada
11694,USA
11695,USA
11696,USA
11697,USA
11698,Canada
11699,USA
11700,USA
11701,USA
11702,USA
11703,USA
11704,USA
11705,USA
11706,USA
11707,USA
11708,USA
11709,Canada
11710,USA
11711,Canada
11712,Canada
11713,USA
11714,USA
11715,USA
11716,USA
11717,USA
11718,USA
11719,Canada
11720,USA
11721,USA
11722,USA
11723,Canada
11724,Canada
11725,USA
11726,USA
11727,USA
11728,USA
11729,USA
11730,USA
11731,USA
11732,USA
11733,USA
11734,USA
11735,USA
11736,USA
11737,USA
11738,Canada
11739,Canada
11740,Canada
11741,USA
11742,USA
11743,USA
11744,USA
11745,USA
11746,USA
11747,USA
11748,Canada
11749,Australia
11750,Australia
11751,Australia
11752,Australia
11753,Australia
11754,Australia
11755,Australia
11756,Australia
11757,Australia
11758,Australia
11759,Australia
11760,Australia
11761,Australia
11762,Australia
11763,Australia
11764,Australia
11765,Australia
11766,Australia
11767,Australia
11768,Australia
11769,Canada
11770,USA
11771,USA
11772,USA
11773,USA
11774,USA
11775,USA
11776,USA
11777,USA
11778,USA
11779,USA
11780,USA
11781,USA
11782,USA
11783,USA
11784,Canada
11785,USA
11786,USA
11787,USA
11788,USA
11789,USA
11790,USA
11791,USA
11792,USA
11793,USA
11794,USA
11795,USA
11796,USA
11797,USA
11798,USA
11799,USA
11800,USA
11801,USA
11802,Canada
11803,USA
11804,USA
11805,USA
11806,USA
11807,USA
11808,Canada
11809,USA
11810,USA
11811,USA
11812,USA
11813,USA
11814,USA
11815,USA
11816,USA
11817,USA
11818,USA
11819,USA
11820,Canada
11821,USA
11822,USA
11823,Canada
11824,Canada
11825,USA
11826,USA
11827,Canada
11828,USA
11829,USA
11830,USA
11831,USA
11832,USA
11833,Canada
11834,USA
11835,Canada
11836,USA
11837,USA
11838,USA
11839,USA
11840,USA
11841,Canada
11842,USA
11843,USA
11844,USA
11845,Canada
11846,USA
11847,USA
11848,USA
11849,USA
11850,USA
11851,USA
11852,USA
11853,USA
11854,USA
11855,USA
11856,USA
11857,USA
11858,USA
11859,USA
11860,USA
11861,Canada
11862,USA
11863,USA
11864,USA
11865,USA
11866,USA
11867,USA
11868,Canada
11869,Canada
11870,USA
11871,USA
11872,USA
11873,USA
11874,USA
11875,Canada
11876,USA
11877,USA
11878,USA
11879,USA
11880,USA
11881,USA
11882,USA
11883,USA
11884,USA
11885,USA
11886,USA
11887,USA
11888,Canada
11889,USA
11890,USA
11891,USA
11892,Australia
11893,Australia
11894,Australia
11895,Australia
11896,Australia
11897,Australia
11898,Australia
11899,Australia
11900,Australia
11901,Australia
11902,Australia
11903,Australia
11904,Australia
11905,Australia
11906,Australia
11907,Australia
11908,Australia
11909,Australia
11910,Australia
11911,Australia
11912,Australia
11913,Australia
11914,Australia
11915,Australia
11916,Australia
11917,Australia
11918,Australia
11919,Australia
11920,Australia
11921,Australia
11922,Canada
11923,USA
11924,USA
11925,USA
11926,USA
11927,USA
11928,USA
11929,Australia
11930,Australia
11931,USA
11932,USA
11933,USA
11934,USA
11935,USA
11936,USA
11937,USA
11938,USA
11939,USA
11940,USA
11941,USA
11942,Australia
11943,Australia
11944,Australia
11945,USA
11946,Australia
11947,Australia
11948,Australia
11949,USA
11950,USA
11951,Australia
11952,Australia
11953,USA
11954,USA
11955,USA
11956,USA
11957,USA
11958,USA
11959,USA
11960,USA
11961,USA
11962,USA
11963,Australia
11964,Australia
11965,Australia
11966,Australia
11967,Australia
11968,Australia
11969,Australia
11970,USA
11971,USA
11972,USA
11973,USA
11974,USA
11975,USA
11976,Australia
11977,Australia
11978,USA
11979,Canada
11980,USA
11981,USA
11982,USA
11983,USA
11984,Canada
11985,USA
11986,Australia
11987,Australia
11988,Australia
11989,Australia
11990,Australia
11991,Australia
11992,Australia
11993,Australia
11994,Australia
11995,Australia
11996,Australia
11997,Australia
11998,Australia
11999,Australia
12000,Australia
12001,Australia
12002,Australia
12003,Australia
12004,Australia
12005,Australia
12006,Australia
12007,Australia
12008,Australia
12009,Australia
12010,Australia
12011,Australia
12012,Australia
12013,Australia
12014,Australia
12015,USA
12016,USA
12017,Canada
12018,USA
12019,USA
12020,Canada
12021,Australia
12022,USA
12023,USA
12024,USA
12025,USA
12026,USA
12027,USA
12028,USA
12029,USA
12030,USA
12031,Canada
12032,Canada
12033,USA
12034,Australia
12035,Australia
12036,Australia
12037,Australia
12038,Australia
12039,Australia
12040,USA
12041,USA
12042,USA
12043,USA
12044,USA
12045,USA
12046,USA
12047,USA
12048,USA
12049,USA
12050,USA
12051,USA
12052,USA
12053,USA
12054,Canada
12055,Canada
12056,Canada
12057,USA
12058,USA
12059,USA
12060,Canada
12061,Canada
12062,USA
12063,USA
12064,USA
12065,USA
12066,USA
12067,USA
12068,USA
12069,USA
12070,USA
12071,USA
12072,USA
12073,USA
12074,Canada
12075,USA
12076,USA
12077,Canada
12078,USA
12079,USA
12080,Canada
12081,Canada
12082,USA
12083,USA
12084,USA
12085,USA
12086,Canada
12087,USA
12088,USA
12089,Canada
12090,Canada
12091,USA
12092,USA
12093,USA
12094,USA
12095,USA
12096,USA
12097,Canada
12098,USA
12099,USA
12100,USA
12101,USA
12102,USA
12103,USA
12104,USA
12105,USA
12106,Canada
12107,Canada
12108,USA
12109,USA
12110,USA
12111,USA
12112,USA
12113,Canada
12114,Canada
12115,USA
12116,USA
12117,USA
12118,USA
12119,USA
12120,USA
12121,USA
12122,Canada
12123,United Kingdom
12124,France
12125,Germany
12126,United Kingdom
12127,France
12128,Germany
12129,Germany
12130,Germany
12131,France
12132,France
12133,United Kingdom
12134,United Kingdom
12135,USA
12136,Canada
12137,USA
12138,USA
12139,USA
12140,Canada
12141,USA
12142,USA
12143,USA
12144,USA
12145,USA
12146,USA
12147,Canada
12148,USA
12149,USA
12150,USA
12151,USA
12152,USA
12153,USA
12154,Canada
12155,USA
12156,USA
12157,USA
12158,Canada
12159,Canada
12160,USA
12161,USA
12162,USA
12163,USA
12164,USA
12165,Canada
12166,Canada
12167,USA
12168,USA
12169,USA
12170,USA
12171,USA
12172,USA
12173,USA
12174,USA
12175,USA
12176,USA
12177,Canada
12178,USA
12179,USA
12180,USA
12181,USA
12182,Canada
12183,Canada
12184,USA
12185,USA
12186,USA
12187,USA
12188,USA
12189,USA
12190,USA
12191,USA
12192,USA
12193,Canada
12194,USA
12195,USA
12196,Canada
12197,USA
12198,USA
12199,USA
12200,USA
12201,USA
12202,Canada
12203,Canada
12204,USA
12205,USA
12206,USA
12207,USA
12208,USA
12209,USA
12210,United Kingdom
12211,France
12212,France
12213,Germany
12214,United Kingdom
12215,United Kingdom
12216,United Kingdom
12217,France
12218,Germany
12219,France
12220,France
12221,France
12222,United Kingdom
12223,Germany
12224,United Kingdom
12225,Germany
12226,Germany
12227,United Kingdom
12228,Germany
12229,Germany
12230,Germany
12231,Germany
12232,Germany
12233,United Kingdom
12234,France
12235,United Kingdom
12236,Germany
12237,Germany
12238,Germany
12239,United Kingdom
12240,Australia
12241,Australia
12242,Australia
12243,Australia
12244,Australia
12245,Australia
12246,Australia
12247,Australia
12248,Australia
12249,Australia
12250,Australia
12251,Australia
12252,Australia
12253,Australia
12254,France
12255,France
12256,France
12257,Germany
12258,Germany
12259,United Kingdom
12260,United Kingdom
12261,France
12262,United Kingdom
12263,United Kingdom
12264,United Kingdom
12265,France
12266,Germany
12267,France
12268,Germany
12269,France
12270,Germany
12271,United Kingdom
12272,United Kingdom
12273,Germany
12274,France
12275,Germany
12276,Germany
12277,United Kingdom
12278,Germany
12279,France
12280,France
12281,United Kingdom
12282,United Kingdom
12283,United Kingdom
12284,United Kingdom
12285,France
12286,United Kingdom
12287,United Kingdom
12288,United Kingdom
12289,United Kingdom
12290,France
12291,Germany
12292,United Kingdom
12293,United Kingdom
12294,United Kingdom
12295,France
12296,France
12297,Germany
12298,Germany
12299,United Kingdom
12300,France
12301,France
12302,Germany
12303,United Kingdom
12304,United Kingdom
12305,United Kingdom
12306,Germany
12307,France
12308,France
12309,United Kingdom
12310,United Kingdom
12311,United Kingdom
12312,France
12313,France
12314,Germany
12315,United Kingdom
12316,United Kingdom
12317,United Kingdom
12318,United Kingdom
12319,Germany
12320,United Kingdom
12321,France
12322,France
12323,France
12324,Germany
12325,United Kingdom
12326,United Kingdom
12327,Germany
12328,United Kingdom
12329,United Kingdom
12330,Germany
12331,France
12332,France
12333,France
12334,United Kingdom
12335,United Kingdom
12336,United Kingdom
12337,Australia
12338,Australia
12339,Australia
12340,Australia
12341,Australia
12342,Australia
12343,Australia
12344,Australia
12345,Australia
12346,Australia
12347,Australia
12348,Australia
12349,Australia
12350,Australia
12351,Australia
12352,Australia
12353,Australia
12354,Australia
12355,Australia
12356,Australia
12357,Australia
12358,Australia
12359,Australia
12360,Australia
12361,Australia
12362,USA
12363,Canada
12364,USA
12365,USA
12366,USA
12367,United Kingdom
12368,France
12369,Australia
12370,Australia
12371,Australia
12372,Australia
12373,France
12374,France
12375,France
12376,United Kingdom
12377,Germany
12378,Germany
12379,Germany
12380,United Kingdom
12381,United Kingdom
12382,United Kingdom
12383,France
12384,Germany
12385,United Kingdom
12386,Germany
12387,France
12388,Germany
12389,France
12390,Germany
12391,United Kingdom
12392,United Kingdom
12393,France
12394,United Kingdom
12395,France
12396,Germany
12397,Germany
12398,France
12399,Germany
12400,Germany
12401,Germany
12402,United Kingdom
12403,United Kingdom
12404,United Kingdom
12405,United Kingdom
12406,Germany
12407,Germany
12408,Germany
12409,USA
12410,USA
12411,USA
12412,USA
12413,USA
12414,USA
12415,USA
12416,USA
12417,USA
12418,USA
12419,USA
12420,USA
12421,USA
12422,USA
12423,USA
12424,USA
12425,USA
12426,USA
12427,USA
12428,USA
12429,USA
12430,Canada
12431,Canada
12432,USA
12433,USA
12434,USA
12435,USA
12436,USA
12437,USA
12438,USA
12439,USA
12440,USA
12441,USA
12442,USA
12443,USA
12444,Canada
12445,USA
12446,USA
12447,Canada
12448,USA
12449,Canada
12450,USA
12451,Canada
12452,USA
12453,USA
12454,USA
12455,USA
12456,USA
12457,USA
12458,Germany
12459,United Kingdom
12460,United Kingdom
12461,Germany
12462,Germany
12463,United Kingdom
12464,France
12465,United Kingdom
12466,France
12467,France
12468,France
12469,Germany
12470,Germany
12471,Germany
12472,France
12473,United Kingdom
12474,France
12475,Germany
12476,United Kingdom
12477,France
12478,Germany
12479,Germany
12480,France
12481,Germany
12482,France
12483,France
12484,Germany
12485,France
12486,United Kingdom
12487,Germany
12488,France
12489,France
12490,France
12491,United Kingdom
12492,United Kingdom
12493,Germany
12494,France
12495,Germany
12496,United Kingdom
12497,Germany
12498,Germany
12499,Germany
12500,Germany
12501,Germany
12502,United Kingdom
12503,United Kingdom
12504,United Kingdom
12505,United Kingdom
12506,United Kingdom
12507,Germany
12508,United Kingdom
12509,France
12510,France
12511,France
12512,Germany
12513,United Kingdom
12514,France
12515,France
12516,Germany
12517,Germany
12518,Germany
12519,United Kingdom
12520,France
12521,Germany
12522,France
12523,France
12524,France
12525,United Kingdom
12526,United Kingdom
12527,USA
12528,USA
12529,USA
12530,Canada
12531,USA
12532,Canada
12533,USA
12534,France
12535,Germany
12536,Germany
12537,France
12538,Germany
12539,France
12540,United Kingdom
12541,France
12542,France
12543,France
12544,Germany
12545,United Kingdom
12546,Germany
12547,France
12548,Germany
12549,France
12550,United Kingdom
12551,United Kingdom
12552,France
12553,France
12554,United Kingdom
12555,France
12556,Germany
12557,France
12558,Germany
12559,United Kingdom
12560,United Kingdom
12561,France
12562,France
12563,United Kingdom
12564,United Kingdom
12565,France
12566,United Kingdom
12567,United Kingdom
12568,United Kingdom
12569,United Kingdom
12570,Australia
12571,Australia
12572,Australia
12573,Australia
12574,Australia
12575,Australia
12576,Australia
12577,Australia
12578,Australia
12579,Australia
12580,Australia
12581,Australia
12582,Australia
12583,Australia
12584,Australia
12585,Australia
12586,Australia
12587,Australia
12588,Australia
12589,Australia
12590,United Kingdom
12591,Germany
12592,United Kingdom
12593,United Kingdom
12594,United Kingdom
12595,United Kingdom
12596,United Kingdom
12597,United Kingdom
12598,United Kingdom
12599,United Kingdom
12600,Germany
12601,United Kingdom
12602,United Kingdom
12603,United Kingdom
12604,Germany
12605,Germany
12606,France
12607,France
12608,United Kingdom
12609,United Kingdom
12610,United Kingdom
12611,United Kingdom
12612,United Kingdom
12613,France
12614,France
12615,United Kingdom
12616,Germany
12617,Germany
12618,France
12619,United Kingdom
12620,France
12621,France
12622,United Kingdom
12623,United Kingdom
12624,Germany
12625,France
12626,United Kingdom
12627,United Kingdom
12628,France
12629,Germany
12630,United Kingdom
12631,France
12632,France
12633,United Kingdom
12634,United Kingdom
12635,France
12636,Germany
12637,United Kingdom
12638,Germany
12639,France
12640,United Kingdom
12641,France
12642,France
12643,Germany
12644,United Kingdom
12645,United Kingdom
12646,Germany
12647,United Kingdom
12648,United Kingdom
12649,France
12650,France
12651,France
12652,United Kingdom
12653,United Kingdom
12654,United Kingdom
12655,France
12656,France
12657,Germany
12658,United Kingdom
12659,France
12660,France
12661,France
12662,France
12663,France
12664,United Kingdom
12665,Australia
12666,Australia
12667,Australia
12668,Australia
12669,Australia
12670,Australia
12671,Australia
12672,Australia
12673,Australia
12674,Australia
12675,Australia
12676,Australia
12677,Australia
12678,Australia
12679,Australia
12680,Australia
12681,Australia
12682,Australia
12683,Australia
12684,Australia
12685,Australia
12686,Australia
12687,Australia
12688,Australia
12689,Australia
12690,Australia
12691,Australia
12692,Australia
12693,Australia
12694,Australia
12695,Australia
12696,Australia
12697,Australia
12698,Australia
12699,Australia
12700,Australia
12701,Australia
12702,Australia
12703,Australia
12704,Australia
12705,Australia
12706,Australia
12707,USA
12708,USA
12709,USA
12710,Canada
12711,France
12712,Germany
12713,Germany
12714,Germany
12715,Australia
12716,France
12717,France
12718,France
12719,France
12720,France
12721,Germany
12722,Germany
12723,France
12724,Germany
12725,Germany
12726,Germany
12727,France
12728,Germany
12729,United Kingdom
12730,United Kingdom
12731,Germany
12732,France
12733,United Kingdom
12734,France
12735,Germany
12736,Germany
12737,France
12738,Germany
12739,United Kingdom
12740,United Kingdom
12741,Germany
12742,Germany
12743,United Kingdom
12744,United Kingdom
12745,United Kingdom
12746,United Kingdom
12747,Germany
12748,France
12749,France
12750,France
12751,Germany
12752,France
12753,France
12754,France
12755,USA
12756,USA
12757,USA
12758,USA
12759,USA
12760,Canada
12761,USA
12762,USA
12763,Canada
12764,USA
12765,Canada
12766,USA
12767,USA
12768,USA
12769,USA
12770,USA
12771,USA
12772,USA
12773,USA
12774,USA
12775,USA
12776,USA
12777,USA
12778,USA
12779,USA
12780,USA
12781,Canada
12782,Canada
12783,Canada
12784,USA
12785,Canada
12786,USA
12787,USA
12788,USA
12789,USA
12790,USA
12791,USA
12792,USA
12793,USA
12794,USA
12795,Canada
12796,USA
12797,USA
12798,France
12799,Germany
12800,Germany
12801,Germany
12802,Germany
12803,United Kingdom
12804,France
12805,France
12806,Germany
12807,Germany
12808,United Kingdom
12809,Germany
12810,Germany
12811,Germany
12812,France
12813,Germany
12814,Germany
12815,Germany
12816,Germany
12817,France
12818,France
12819,France
12820,France
12821,France
12822,Germany
12823,France
12824,France
12825,Germany
12826,Germany
12827,Germany
12828,Germany
12829,Germany
12830,France
12831,Germany
12832,Germany
12833,Germany
12834,France
12835,Germany
12836,United Kingdom
12837,Germany
12838,Germany
12839,United Kingdom
12840,United Kingdom
12841,France
12842,France
12843,France
12844,Germany
12845,Germany
12846,Germany
12847,United Kingdom
12848,United Kingdom
12849,France
12850,Germany
12851,France
12852,Germany
12853,United Kingdom
12854,United Kingdom
12855,United Kingdom
12856,United Kingdom
12857,United Kingdom
12858,Germany
12859,United Kingdom
12860,United Kingdom
12861,United Kingdom
12862,France
12863,Germany
12864,United Kingdom
12865,United Kingdom
12866,France
12867,Germany
12868,France
12869,France
12870,Germany
12871,United Kingdom
12872,Germany
12873,United Kingdom
12874,United Kingdom
12875,USA
12876,USA
12877,USA
12878,USA
12879,USA
12880,Canada
12881,USA
12882,USA
12883,USA
12884,USA
12885,USA
12886,USA
12887,USA
12888,USA
12889,USA
12890,USA
12891,USA
12892,Canada
12893,USA
12894,USA
12895,Canada
12896,USA
12897,USA
12898,USA
12899,USA
12900,USA
12901,USA
12902,Canada
12903,Canada
12904,USA
12905,USA
12906,USA
12907,USA
12908,USA
12909,USA
12910,USA
12911,USA
12912,USA
12913,USA
12914,Canada
12915,USA
12916,Canada
12917,USA
12918,USA
12919,Canada
12920,USA
12921,USA
12922,USA
12923,USA
12924,USA
12925,USA
12926,USA
12927,USA
12928,Canada
12929,USA
12930,USA
12931,USA
12932,USA
12933,USA
12934,USA
12935,USA
12936,Canada
12937,USA
12938,USA
12939,Canada
12940,USA
12941,USA
12942,USA
12943,USA
12944,Canada
12945,Canada
12946,USA
12947,USA
12948,USA
12949,USA
12950,USA
12951,USA
12952,USA
12953,USA
12954,USA
12955,USA
12956,USA
12957,USA
12958,USA
12959,Canada
12960,USA
12961,USA
12962,USA
12963,USA
12964,Canada
12965,USA
12966,USA
12967,USA
12968,USA
12969,Canada
12970,Canada
12971,USA
12972,Canada
12973,USA
12974,USA
12975,USA
12976,USA
12977,USA
12978,USA
12979,USA
12980,USA
12981,USA
12982,USA
12983,USA
12984,Canada
12985,USA
12986,Canada
12987,Australia
12988,Australia
12989,Australia
12990,Australia
12991,Australia
12992,Australia
12993,Australia
12994,Australia
12995,Australia
12996,Australia
12997,Australia
12998,Australia
12999,Australia
13000,Australia
13001,Australia
13002,Australia
13003,Australia
13004,Australia
13005,Australia
13006,Australia
13007,Australia
13008,Australia
13009,Australia
13010,Australia
13011,Australia
13012,Australia
13013,Australia
13014,USA
13015,USA
13016,USA
13017,USA
13018,Australia
13019,USA
13020,Australia
13021,Australia
13022,Australia
13023,Australia
13024,Australia
13025,Australia
13026,Australia
13027,Canada
13028,USA
13029,USA
13030,USA
13031,USA
13032,USA
13033,USA
13034,Australia
13035,Australia
13036,Australia
13037,Australia
13038,Australia
13039,USA
13040,Australia
13041,Australia
13042,Australia
13043,Australia
13044,Australia
13045,Australia
13046,Australia
13047,Australia
13048,Australia
13049,Australia
13050,Australia
13051,Australia
13052,USA
13053,USA
13054,USA
13055,USA
13056,USA
13057,USA
13058,USA
13059,USA
13060,USA
13061,USA
13062,USA
13063,USA
13064,USA
13065,Canada
13066,USA
13067,USA
13068,USA
13069,USA
13070,USA
13071,Canada
13072,USA
13073,USA
13074,USA
13075,Australia
13076,Australia
13077,Australia
13078,Australia
13079,Australia
13080,Australia
13081,Australia
13082,Australia
13083,USA
13084,Canada
13085,USA
13086,USA
13087,USA
13088,USA
13089,Australia
13090,Australia
13091,Australia
13092,USA
13093,USA
13094,USA
13095,Canada
13096,Canada
13097,USA
13098,USA
13099,USA
13100,USA
13101,Canada
13102,USA
13103,Australia
13104,Australia
13105,Australia
13106,Australia
13107,Australia
13108,Australia
13109,Australia
13110,Australia
13111,Australia
13112,Australia
13113,Australia
13114,Australia
13115,Australia
13116,Australia
13117,Australia
13118,Australia
13119,Australia
13120,Australia
13121,Australia
13122,Australia
13123,Australia
13124,Australia
13125,Australia
13126,Australia
13127,Australia
13128,Australia
13129,Australia
13130,Australia
13131,Australia
13132,Australia
13133,Australia
13134,Australia
13135,Australia
13136,Australia
13137,Australia
13138,Australia
13139,Australia
13140,Australia
13141,Australia
13142,USA
13143,Canada
13144,Canada
13145,USA
13146,USA
13147,USA
13148,Canada
13149,Australia
13150,Australia
13151,USA
13152,USA
13153,USA
13154,USA
13155,Australia
13156,Australia
13157,Australia
13158,Australia
13159,Australia
13160,Australia
13161,USA
13162,USA
13163,USA
13164,USA
13165,USA
13166,USA
13167,USA
13168,USA
13169,USA
13170,USA
13171,USA
13172,USA
13173,USA
13174,USA
13175,Canada
13176,USA
13177,USA
13178,USA
13179,Canada
13180,USA
13181,USA
13182,USA
13183,USA
13184,USA
13185,Canada
13186,USA
13187,USA
13188,USA
13189,USA
13190,USA
13191,USA
13192,USA
13193,USA
13194,USA
13195,USA
13196,USA
13197,Canada
13198,Canada
13199,Canada
13200,USA
13201,Canada
13202,USA
13203,USA
13204,USA
13205,USA
13206,Canada
13207,USA
13208,USA
13209,Canada
13210,USA
13211,USA
13212,USA
13213,USA
13214,USA
13215,USA
13216,USA
13217,Canada
13218,USA
13219,USA
13220,USA
13221,USA
13222,Canada
13223,USA
13224,USA
13225,USA
13226,USA
13227,USA
13228,USA
13229,USA
13230,USA
13231,Canada
13232,USA
13233,USA
13234,USA
13235,USA
13236,USA
13237,USA
13238,USA
13239,Canada
13240,USA
13241,Canada
13242,USA
13243,USA
13244,USA
13245,USA
13246,USA
13247,USA
13248,USA
13249,Canada
13250,USA
13251,United Kingdom
13252,United Kingdom
13253,United Kingdom
13254,United Kingdom
13255,Germany
13256,Germany
13257,Germany
13258,Germany
13259,Germany
13260,Germany
13261,Germany
13262,United Kingdom
13263,France
13264,Germany
13265,Germany
13266,USA
13267,Canada
13268,Canada
13269,USA
13270,Canada
13271,Canada
13272,USA
13273,USA
13274,USA
13275,USA
13276,USA
13277,USA
13278,USA
13279,USA
13280,USA
13281,USA
13282,USA
13283,USA
13284,Canada
13285,Canada
13286,USA
13287,USA
13288,USA
13289,Canada
13290,Canada
13291,USA
13292,USA
13293,USA
13294,USA
13295,USA
13296,USA
13297,USA
13298,USA
13299,USA
13300,USA
13301,USA
13302,USA
13303,Canada
13304,USA
13305,USA
13306,USA
13307,USA
13308,USA
13309,USA
13310,USA
13311,USA
13312,USA
13313,USA
13314,USA
13315,USA
13316,USA
13317,USA
13318,Canada
13319,USA
13320,USA
13321,USA
13322,USA
13323,USA
13324,USA
13325,USA
13326,USA
13327,USA
13328,Canada
13329,USA
13330,Canada
13331,USA
13332,USA
13333,USA
13334,USA
13335,USA
13336,USA
13337,USA
13338,USA
13339,USA
13340,USA
13341,USA
13342,USA
13343,Canada
13344,USA
13345,Canada
13346,USA
13347,USA
13348,USA
13349,USA
13350,Canada
13351,USA
13352,USA
13353,USA
13354,USA
13355,USA
13356,USA
13357,USA
13358,Canada
13359,USA
13360,USA
13361,USA
13362,USA
13363,USA
13364,USA
13365,USA
13366,Canada
13367,USA
13368,USA
13369,USA
13370,USA
13371,USA
13372,USA
13373,USA
13374,USA
13375,USA
13376,USA
13377,USA
13378,USA
13379,USA
13380,USA
13381,USA
13382,USA
13383,USA
13384,USA
13385,USA
13386,USA
13387,USA
13388,USA
13389,USA
13390,USA
13391,Canada
13392,USA
13393,USA
13394,USA
13395,USA
13396,USA
13397,USA
13398,USA
13399,USA
13400,USA
13401,USA
13402,USA
13403,USA
13404,United Kingdom
13405,France
13406,Germany
13407,United Kingdom
13408,United Kingdom
13409,France
13410,Germany
13411,United Kingdom
13412,United Kingdom
13413,USA
13414,USA
13415,USA
13416,USA
13417,USA
13418,Canada
13419,USA
13420,USA
13421,USA
13422,USA
13423,Canada
13424,USA
13425,USA
13426,USA
13427,USA
13428,USA
13429,USA
13430,USA
13431,USA
13432,USA
13433,USA
13434,Canada
13435,USA
13436,USA
13437,USA
13438,USA
13439,USA
13440,Canada
13441,USA
13442,USA
13443,USA
13444,USA
13445,USA
13446,USA
13447,USA
13448,USA
13449,USA
13450,USA
13451,USA
13452,USA
13453,USA
13454,USA
13455,USA
13456,USA
13457,USA
13458,USA
13459,USA
13460,Canada
13461,USA
13462,USA
13463,USA
13464,USA
13465,USA
13466,Canada
13467,USA
13468,USA
13469,USA
13470,USA
13471,USA
13472,USA
13473,USA
13474,Canada
13475,USA
13476,USA
13477,USA
13478,USA
13479,USA
13480,USA
13481,USA
13482,USA
13483,USA
13484,USA
13485,USA
13486,Canada
13487,USA
13488,USA
13489,USA
13490,USA
13491,Canada
13492,USA
13493,United Kingdom
13494,Germany
13495,United Kingdom
13496,France
13497,Germany
13498,France
13499,France
13500,Germany
13501,Germany
13502,Germany
13503,United Kingdom
13504,France
13505,United Kingdom
13506,France
13507,United Kingdom
13508,France
13509,United Kingdom
13510,France
13511,France
13512,France
13513,Germany
13514,Germany
13515,Germany
13516,United Kingdom
13517,United Kingdom
13518,Australia
13519,Australia
13520,Australia
13521,Australia
13522,Australia
13523,Australia
13524,Australia
13525,Australia
13526,Australia
13527,Australia
13528,Australia
13529,Australia
13530,United Kingdom
13531,France
13532,Germany
13533,United Kingdom
13534,United Kingdom
13535,United Kingdom
13536,France
13537,France
13538,Germany
13539,United Kingdom
13540,Germany
13541,Germany
13542,Germany
13543,Germany
13544,United Kingdom
13545,Germany
13546,Germany
13547,United Kingdom
13548,Germany
13549,France
13550,France
13551,United Kingdom
13552,France
13553,United Kingdom
13554,United Kingdom
13555,France
13556,France
13557,United Kingdom
13558,France
13559,Germany
13560,Germany
13561,United Kingdom
13562,United Kingdom
13563,United Kingdom
13564,France
13565,France
13566,Germany
13567,Germany
13568,France
13569,Germany
13570,Germany
13571,France
13572,Germany
13573,France
13574,Germany
13575,France
13576,United Kingdom
13577,France
13578,France
13579,Germany
13580,Germany
13581,United Kingdom
13582,United Kingdom
13583,United Kingdom
13584,United Kingdom
13585,United Kingdom
13586,United Kingdom
13587,Germany
13588,Germany
13589,France
13590,United Kingdom
13591,United Kingdom
13592,France
13593,Germany
13594,Germany
13595,France
13596,France
13597,Germany
13598,Germany
13599,United Kingdom
13600,United Kingdom
13601,Germany
13602,United Kingdom
13603,United Kingdom
13604,United Kingdom
13605,France
13606,Germany
13607,Germany
13608,Germany
13609,United Kingdom
13610,France
13611,France
13612,United Kingdom
13613,Australia
13614,Australia
13615,Australia
13616,Australia
13617,Australia
13618,Australia
13619,Australia
13620,Australia
13621,Australia
13622,Australia
13623,Australia
13624,Australia
13625,Australia
13626,Australia
13627,Australia
13628,Australia
13629,Australia
13630,Australia
13631,Australia
13632,Australia
13633,Australia
13634,Australia
13635,Australia
13636,Australia
13637,Australia
13638,Australia
13639,Australia
13640,Australia
13641,Australia
13642,Australia
13643,Australia
13644,Australia
13645,Australia
13646,Australia
13647,Australia
13648,Australia
13649,Australia
13650,Australia
13651,Australia
13652,USA
13653,USA
13654,USA
13655,USA
13656,USA
13657,USA
13658,USA
13659,USA
13660,Canada
13661,United Kingdom
13662,France
13663,Germany
13664,United Kingdom
13665,United Kingdom
13666,Germany
13667,France
13668,Australia
13669,Australia
13670,Australia
13671,Germany
13672,France
13673,France
13674,France
13675,United Kingdom
13676,United Kingdom
13677,Germany
13678,United Kingdom
13679,United Kingdom
13680,United Kingdom
13681,France
13682,Germany
13683,Germany
13684,Germany
13685,Germany
13686,Germany
13687,United Kingdom
13688,United Kingdom
13689,United Kingdom
13690,United Kingdom
13691,United Kingdom
13692,United Kingdom
13693,United Kingdom
13694,United Kingdom
13695,France
13696,Germany
13697,Germany
13698,Germany
13699,USA
13700,USA
13701,Canada
13702,USA
13703,USA
13704,USA
13705,USA
13706,Canada
13707,Canada
13708,Canada
13709,Canada
13710,Canada
13711,Canada
13712,USA
13713,USA
13714,USA
13715,USA
13716,USA
13717,USA
13718,USA
13719,Canada
13720,Canada
13721,USA
13722,USA
13723,USA
13724,USA
13725,USA
13726,USA
13727,USA
13728,USA
13729,USA
13730,USA
13731,USA
13732,Canada
13733,USA
13734,USA
13735,USA
13736,USA
13737,USA
13738,USA
13739,USA
13740,USA
13741,USA
13742,USA
13743,Canada
13744,USA
13745,USA
13746,USA
13747,USA
13748,USA
13749,USA
13750,USA
13751,Canada
13752,USA
13753,USA
13754,USA
13755,USA
13756,Canada
13757,USA
13758,Canada
13759,USA
13760,Canada
13761,USA
13762,Canada
13763,USA
13764,France
13765,United Kingdom
13766,France
13767,Germany
13768,France
13769,France
13770,Germany
13771,Germany
13772,United Kingdom
13773,France
13774,Germany
13775,Germany
13776,United Kingdom
13777,United Kingdom
13778,Germany
13779,France
13780,France
13781,France
13782,Germany
13783,United Kingdom
13784,United Kingdom
13785,United Kingdom
13786,Germany
13787,Germany
13788,United Kingdom
13789,Germany
13790,Germany
13791,United Kingdom
13792,United Kingdom
13793,France
13794,United Kingdom
13795,Germany
13796,Germany
13797,Germany
13798,United Kingdom
13799,France
13800,France
13801,France
13802,France
13803,Germany
13804,United Kingdom
13805,United Kingdom
13806,France
13807,Germany
13808,Germany
13809,United Kingdom
13810,United Kingdom
13811,France
13812,France
13813,France
13814,United Kingdom
13815,United Kingdom
13816,United Kingdom
13817,France
13818,France
13819,France
13820,United Kingdom
13821,United Kingdom
13822,Germany
13823,France
13824,Germany
13825,France
13826,Germany
13827,Germany
13828,Germany
13829,Germany
13830,United Kingdom
13831,France
13832,France
13833,France
13834,France
13835,France
13836,Germany
13837,Germany
13838,United Kingdom
13839,France
13840,France
13841,United Kingdom
13842,Germany
13843,France
13844,Germany
13845,United Kingdom
13846,United Kingdom
13847,United Kingdom
13848,USA
13849,USA
13850,USA
13851,Canada
13852,Canada
13853,Canada
13854,USA
13855,USA
13856,USA
13857,USA
13858,USA
13859,USA
13860,Canada
13861,USA
13862,USA
13863,USA
13864,USA
13865,USA
13866,USA
13867,USA
13868,USA
13869,USA
13870,USA
13871,USA
13872,USA
13873,USA
13874,USA
13875,USA
13876,USA
13877,USA
13878,Canada
13879,USA
13880,USA
13881,USA
13882,USA
13883,USA
13884,USA
13885,USA
13886,USA
13887,USA
13888,USA
13889,USA
13890,USA
13891,USA
13892,USA
13893,USA
13894,USA
13895,USA
13896,USA
13897,USA
13898,USA
13899,USA
13900,USA
13901,USA
13902,USA
13903,USA
13904,USA
13905,USA
13906,USA
13907,USA
13908,Canada
13909,Canada
13910,USA
13911,USA
13912,USA
13913,USA
13914,USA
13915,USA
13916,Canada
13917,USA
13918,Canada
13919,USA
13920,Canada
13921,USA
13922,USA
13923,USA
13924,USA
13925,USA
13926,USA
13927,USA
13928,USA
13929,USA
13930,USA
13931,USA
13932,USA
13933,USA
13934,USA
13935,USA
13936,Canada
13937,USA
13938,USA
13939,USA
13940,USA
13941,Canada
13942,USA
13943,USA
13944,Canada
13945,USA
13946,USA
13947,USA
13948,USA
13949,USA
13950,USA
13951,USA
13952,Australia
13953,Australia
13954,Australia
13955,Australia
13956,Australia
13957,Australia
13958,Australia
13959,Australia
13960,Australia
13961,Australia
13962,Australia
13963,Australia
13964,Australia
13965,Australia
13966,Australia
13967,Australia
13968,Australia
13969,Australia
13970,Australia
13971,Australia
13972,Australia
13973,Australia
13974,Australia
13975,Australia
13976,USA
13977,USA
13978,USA
13979,USA
13980,USA
13981,Australia
13982,Australia
13983,Australia
13984,USA
13985,USA
13986,USA
13987,Canada
13988,Canada
13989,USA
13990,USA
13991,USA
13992,USA
13993,USA
13994,Australia
13995,Australia
13996,Australia
13997,Australia
13998,Australia
13999,USA
14000,USA
14001,USA
14002,USA
14003,USA
14004,USA
14005,USA
14006,USA
14007,Australia
14008,Australia
14009,Australia
14010,Australia
14011,Australia
14012,Australia
14013,Australia
14014,Australia
14015,Australia
14016,Australia
14017,USA
14018,Australia
14019,Australia
14020,Australia
14021,USA
14022,USA
14023,USA
14024,USA
14025,USA
14026,USA
14027,USA
14028,USA
14029,USA
14030,Australia
14031,Australia
14032,Australia
14033,Australia
14034,Australia
14035,USA
14036,USA
14037,USA
14038,Australia
14039,Australia
14040,USA
14041,Canada
14042,USA
14043,USA
14044,USA
14045,Australia
14046,Australia
14047,Australia
14048,Australia
14049,Australia
14050,Australia
14051,Australia
14052,Australia
14053,Australia
14054,Australia
14055,Australia
14056,Australia
14057,Australia
14058,Australia
14059,Australia
14060,Australia
14061,Australia
14062,Australia
14063,Australia
14064,Australia
14065,Australia
14066,Australia
14067,Australia
14068,Australia
14069,Australia
14070,Australia
14071,Australia
14072,Australia
14073,Australia
14074,Australia
14075,USA
14076,USA
14077,Canada
14078,Canada
14079,Canada
14080,USA
14081,USA
14082,USA
14083,USA
14084,Canada
14085,USA
14086,Australia
14087,Australia
14088,USA
14089,USA
14090,USA
14091,Canada
14092,USA
14093,USA
14094,USA
14095,USA
14096,Canada
14097,USA
14098,USA
14099,Australia
14100,Australia
14101,Australia
14102,Australia
14103,Australia
14104,USA
14105,USA
14106,USA
14107,Canada
14108,Canada
14109,USA
14110,Canada
14111,USA
14112,USA
14113,USA
14114,USA
14115,USA
14116,USA
14117,USA
14118,Canada
14119,Canada
14120,USA
14121,USA
14122,USA
14123,Australia
14124,Australia
14125,Australia
14126,Australia
14127,Australia
14128,Australia
14129,Australia
14130,Australia
14131,Australia
14132,Australia
14133,Australia
14134,Australia
14135,France
14136,France
14137,Germany
14138,Germany
14139,Germany
14140,Germany
14141,France
14142,Germany
14143,United Kingdom
14144,France
14145,France
14146,United Kingdom
14147,Germany
14148,Germany
14149,Germany
14150,United Kingdom
14151,France
14152,France
14153,Germany
14154,France
14155,United Kingdom
14156,United Kingdom
14157,United Kingdom
14158,United Kingdom
14159,United Kingdom
14160,Germany
14161,Germany
14162,Germany
14163,Germany
14164,Germany
14165,United Kingdom
14166,France
14167,Germany
14168,France
14169,France
14170,France
14171,Germany
14172,United Kingdom
14173,France
14174,Germany
14175,United Kingdom
14176,France
14177,France
14178,France
14179,Germany
14180,Germany
14181,Germany
14182,Germany
14183,United Kingdom
14184,United Kingdom
14185,France
14186,France
14187,Germany
14188,France
14189,Germany
14190,Germany
14191,United Kingdom
14192,France
14193,Germany
14194,United Kingdom
14195,United Kingdom
14196,United Kingdom
14197,Germany
14198,Germany
14199,United Kingdom
14200,France
14201,France
14202,Germany
14203,France
14204,France
14205,France
14206,Germany
14207,Germany
14208,United Kingdom
14209,Australia
14210,Australia
14211,Australia
14212,Australia
14213,Australia
14214,Australia
14215,Australia
14216,Australia
14217,Australia
14218,Australia
14219,Australia
14220,Australia
14221,Australia
14222,Australia
14223,Australia
14224,Australia
14225,Australia
14226,Australia
14227,Australia
14228,Australia
14229,Australia
14230,Australia
14231,Australia
14232,Australia
14233,Australia
14234,Australia
14235,Australia
14236,Australia
14237,Australia
14238,Australia
14239,USA
14240,USA
14241,USA
14242,USA
14243,USA
14244,Canada
14245,USA
14246,USA
14247,USA
14248,USA
14249,USA
14250,USA
14251,USA
14252,USA
14253,USA
14254,USA
14255,USA
14256,USA
14257,USA
14258,USA
14259,Australia
14260,Australia
14261,Australia
14262,Australia
14263,Australia
14264,Australia
14265,Canada
14266,USA
14267,USA
14268,USA
14269,USA
14270,USA
14271,USA
14272,USA
14273,USA
14274,Canada
14275,Australia
14276,Australia
14277,Australia
14278,Australia
14279,Australia
14280,USA
14281,Canada
14282,Canada
14283,USA
14284,USA
14285,USA
14286,Australia
14287,Australia
14288,USA
14289,USA
14290,USA
14291,Canada
14292,USA
14293,USA
14294,USA
14295,USA
14296,USA
14297,USA
14298,USA
14299,Australia
14300,Australia
14301,Australia
14302,Australia
14303,Australia
14304,Australia
14305,Australia
14306,Australia
14307,Australia
14308,Australia
14309,Australia
14310,Australia
14311,Australia
14312,Australia
14313,Australia
14314,Australia
14315,Australia
14316,Australia
14317,Australia
14318,Australia
14319,Australia
14320,Australia
14321,Australia
14322,Australia
14323,Australia
14324,Australia
14325,Australia
14326,Australia
14327,USA
14328,Canada
14329,USA
14330,Canada
14331,USA
14332,Canada
14333,USA
14334,USA
14335,USA
14336,USA
14337,USA
14338,Canada
14339,USA
14340,USA
14341,Canada
14342,USA
14343,USA
14344,Australia
14345,Australia
14346,Australia
14347,Australia
14348,Australia
14349,USA
14350,USA
14351,USA
14352,USA
14353,Canada
14354,USA
14355,USA
14356,USA
14357,USA
14358,USA
14359,Canada
14360,USA
14361,USA
14362,USA
14363,Canada
14364,USA
14365,USA
14366,USA
14367,USA
14368,USA
14369,USA
14370,Canada
14371,Canada
14372,USA
14373,USA
14374,USA
14375,USA
14376,USA
14377,USA
14378,USA
14379,USA
14380,USA
14381,USA
14382,USA
14383,USA
14384,USA
14385,USA
14386,USA
14387,Canada
14388,USA
14389,USA
14390,USA
14391,USA
14392,USA
14393,USA
14394,USA
14395,USA
14396,USA
14397,USA
14398,USA
14399,USA
14400,USA
14401,USA
14402,USA
14403,USA
14404,USA
14405,USA
14406,USA
14407,USA
14408,USA
14409,USA
14410,USA
14411,USA
14412,USA
14413,USA
14414,USA
14415,USA
14416,Canada
14417,USA
14418,USA
14419,USA
14420,USA
14421,USA
14422,Germany
14423,United Kingdom
14424,France
14425,Germany
14426,Germany
14427,United Kingdom
14428,Germany
14429,United Kingdom
14430,USA
14431,USA
14432,USA
14433,USA
14434,USA
14435,USA
14436,Canada
14437,USA
14438,USA
14439,USA
14440,USA
14441,USA
14442,USA
14443,USA
14444,USA
14445,USA
14446,Canada
14447,USA
14448,USA
14449,USA
14450,USA
14451,USA
14452,USA
14453,USA
14454,USA
14455,Canada
14456,USA
14457,USA
14458,Canada
14459,Canada
14460,USA
14461,USA
14462,USA
14463,USA
14464,USA
14465,USA
14466,USA
14467,USA
14468,USA
14469,USA
14470,USA
14471,USA
14472,USA
14473,USA
14474,USA
14475,USA
14476,USA
14477,USA
14478,Canada
14479,USA
14480,Canada
14481,USA
14482,USA
14483,USA
14484,USA
14485,USA
14486,USA
14487,USA
14488,USA
14489,USA
14490,USA
14491,USA
14492,USA
14493,USA
14494,USA
14495,USA
14496,Canada
14497,Canada
14498,USA
14499,USA
14500,USA
14501,USA
14502,Canada
14503,USA
14504,Canada
14505,USA
14506,USA
14507,USA
14508,USA
14509,USA
14510,USA
14511,USA
14512,USA
14513,USA
14514,USA
14515,USA
14516,Australia
14517,Australia
14518,Australia
14519,USA
14520,USA
14521,Australia
14522,Australia
14523,Australia
14524,France
14525,United Kingdom
14526,Germany
14527,Germany
14528,Germany
14529,United Kingdom
14530,United Kingdom
14531,United Kingdom
14532,France
14533,United Kingdom
14534,France
14535,United Kingdom
14536,France
14537,Germany
14538,France
14539,France
14540,United Kingdom
14541,Germany
14542,United Kingdom
14543,Germany
14544,France
14545,United Kingdom
14546,United Kingdom
14547,United Kingdom
14548,France
14549,Germany
14550,France
14551,Germany
14552,United Kingdom
14553,United Kingdom
14554,United Kingdom
14555,France
14556,France
14557,Australia
14558,USA
14559,USA
14560,USA
14561,Canada
14562,USA
14563,USA
14564,USA
14565,USA
14566,Canada
14567,Canada
14568,USA
14569,USA
14570,USA
14571,USA
14572,USA
14573,USA
14574,Canada
14575,USA
14576,USA
14577,USA
14578,Canada
14579,USA
14580,USA
14581,USA
14582,Canada
14583,USA
14584,USA
14585,USA
14586,Canada
14587,USA
14588,USA
14589,USA
14590,USA
14591,USA
14592,USA
14593,USA
14594,USA
14595,USA
14596,USA
14597,Canada
14598,Canada
14599,USA
14600,USA
14601,USA
14602,USA
14603,USA
14604,Canada
14605,Canada
14606,Canada
14607,USA
14608,USA
14609,USA
14610,USA
14611,Canada
14612,USA
14613,USA
14614,USA
14615,USA
14616,USA
14617,USA
14618,USA
14619,USA
14620,USA
14621,USA
14622,USA
14623,USA
14624,USA
14625,USA
14626,Canada
14627,USA
14628,USA
14629,USA
14630,USA
14631,Canada
14632,Canada
14633,Canada
14634,USA
14635,USA
14636,USA
14637,USA
14638,USA
14639,USA
14640,Canada
14641,Canada
14642,USA
14643,USA
14644,USA
14645,USA
14646,USA
14647,USA
14648,USA
14649,USA
14650,USA
14651,USA
14652,USA
14653,USA
14654,USA
14655,Canada
14656,USA
14657,USA
14658,Canada
14659,USA
14660,USA
14661,Canada
14662,USA
14663,USA
14664,USA
14665,Australia
14666,Australia
14667,Australia
14668,Australia
14669,Australia
14670,Australia
14671,Australia
14672,Australia
14673,Australia
14674,Australia
14675,Australia
14676,Australia
14677,Australia
14678,Australia
14679,Australia
14680,Australia
14681,Australia
14682,Australia
14683,Australia
14684,Australia
14685,Australia
14686,Australia
14687,France
14688,Germany
14689,France
14690,Germany
14691,France
14692,United Kingdom
14693,France
14694,United Kingdom
14695,Germany
14696,Germany
14697,United Kingdom
14698,Germany
14699,Germany
14700,United Kingdom
14701,France
14702,United Kingdom
14703,Germany
14704,France
14705,United Kingdom
14706,United Kingdom
14707,Germany
14708,France
14709,Germany
14710,Germany
14711,Germany
14712,United Kingdom
14713,Germany
14714,France
14715,Germany
14716,France
14717,France
14718,Germany
14719,France
14720,United Kingdom
14721,USA
14722,USA
14723,Canada
14724,Canada
14725,Canada
14726,USA
14727,USA
14728,USA
14729,USA
14730,USA
14731,USA
14732,USA
14733,USA
14734,USA
14735,USA
14736,USA
14737,USA
14738,USA
14739,USA
14740,USA
14741,USA
14742,USA
14743,USA
14744,USA
14745,Canada
14746,USA
14747,USA
14748,USA
14749,USA
14750,USA
14751,USA
14752,USA
14753,USA
14754,USA
14755,USA
14756,USA
14757,USA
14758,USA
14759,USA
14760,Canada
14761,USA
14762,USA
14763,USA
14764,USA
14765,Canada
14766,France
14767,Germany
14768,Germany
14769,Germany
14770,United Kingdom
14771,United Kingdom
14772,Germany
14773,France
14774,Germany
14775,Germany
14776,United Kingdom
14777,United Kingdom
14778,United Kingdom
14779,France
14780,France
14781,Germany
14782,Germany
14783,United Kingdom
14784,United Kingdom
14785,France
14786,Germany
14787,United Kingdom
14788,France
14789,Germany
14790,France
14791,France
14792,United Kingdom
14793,United Kingdom
14794,United Kingdom
14795,Germany
14796,France
14797,Germany
14798,France
14799,United Kingdom
14800,Germany
14801,Germany
14802,France
14803,Germany
14804,United Kingdom
14805,Germany
14806,United Kingdom
14807,France
14808,United Kingdom
14809,United Kingdom
14810,France
14811,Germany
14812,United Kingdom
14813,France
14814,United Kingdom
14815,United Kingdom
14816,United Kingdom
14817,United Kingdom
14818,France
14819,Germany
14820,United Kingdom
14821,United Kingdom
14822,Germany
14823,Germany
14824,Germany
14825,Germany
14826,France
14827,Germany
14828,Germany
14829,France
14830,Germany
14831,United Kingdom
14832,United Kingdom
14833,United Kingdom
14834,Germany
14835,Germany
14836,United Kingdom
14837,Germany
14838,Germany
14839,United Kingdom
14840,United Kingdom
14841,Germany
14842,Germany
14843,United Kingdom
14844,Germany
14845,France
14846,United Kingdom
14847,United Kingdom
14848,France
14849,Germany
14850,France
14851,France
14852,USA
14853,Australia
14854,Australia
14855,Australia
14856,USA
14857,Australia
14858,Australia
14859,Australia
14860,Australia
14861,United Kingdom
14862,United Kingdom
14863,United Kingdom
14864,United Kingdom
14865,United Kingdom
14866,Germany
14867,Canada
14868,USA
14869,USA
14870,USA
14871,Canada
14872,USA
14873,USA
14874,Canada
14875,Canada
14876,USA
14877,Canada
14878,USA
14879,USA
14880,USA
14881,USA
14882,USA
14883,USA
14884,USA
14885,Canada
14886,Canada
14887,USA
14888,USA
14889,USA
14890,USA
14891,USA
14892,USA
14893,Canada
14894,USA
14895,USA
14896,USA
14897,Canada
14898,USA
14899,USA
14900,Canada
14901,USA
14902,USA
14903,USA
14904,Canada
14905,USA
14906,Canada
14907,USA
14908,USA
14909,USA
14910,Canada
14911,Canada
14912,USA
14913,USA
14914,USA
14915,USA
14916,USA
14917,USA
14918,USA
14919,USA
14920,USA
14921,USA
14922,USA
14923,France
14924,France
14925,France
14926,France
14927,Germany
14928,United Kingdom
14929,United Kingdom
14930,France
14931,France
14932,France
14933,Germany
14934,United Kingdom
14935,Germany
14936,France
14937,United Kingdom
14938,United Kingdom
14939,Germany
14940,Germany
14941,United Kingdom
14942,France
14943,Germany
14944,France
14945,Germany
14946,France
14947,United Kingdom
14948,France
14949,United Kingdom
14950,United Kingdom
14951,Germany
14952,Germany
14953,United Kingdom
14954,France
14955,United Kingdom
14956,Germany
14957,France
14958,United Kingdom
14959,France
14960,France
14961,Germany
14962,Germany
14963,United Kingdom
14964,United Kingdom
14965,France
14966,France
14967,Germany
14968,United Kingdom
14969,Germany
14970,United Kingdom
14971,France
14972,Germany
14973,Germany
14974,United Kingdom
14975,United Kingdom
14976,France
14977,France
14978,Germany
14979,Germany
14980,Germany
14981,United Kingdom
14982,United Kingdom
14983,United Kingdom
14984,United Kingdom
14985,France
14986,United Kingdom
14987,France
14988,United Kingdom
14989,France
14990,Germany
14991,United Kingdom
14992,United Kingdom
14993,United Kingdom
14994,France
14995,France
14996,Germany
14997,Germany
14998,France
14999,United Kingdom
15000,Germany
15001,Germany
15002,France
15003,France
15004,France
15005,USA
15006,USA
15007,Canada
15008,Canada
15009,USA
15010,USA
15011,USA
15012,USA
15013,USA
15014,Australia
15015,Australia
15016,USA
15017,USA
15018,Australia
15019,Australia
15020,Australia
15021,Australia
15022,Australia
15023,USA
15024,Australia
15025,Australia
15026,Australia
15027,Australia
15028,Australia
15029,Australia
15030,Australia
15031,Australia
15032,Australia
15033,Australia
15034,Australia
15035,Australia
15036,Australia
15037,Australia
15038,Australia
15039,Australia
15040,Australia
15041,Australia
15042,Australia
15043,Australia
15044,Australia
15045,France
15046,United Kingdom
15047,United Kingdom
15048,United Kingdom
15049,Germany
15050,Germany
15051,United Kingdom
15052,United Kingdom
15053,France
15054,Germany
15055,Germany
15056,United Kingdom
15057,United Kingdom
15058,United Kingdom
15059,United Kingdom
15060,France
15061,France
15062,United Kingdom
15063,Germany
15064,France
15065,Germany
15066,France
15067,France
15068,Germany
15069,Germany
15070,France
15071,France
15072,France
15073,Germany
15074,Germany
15075,United Kingdom
15076,Germany
15077,United Kingdom
15078,United Kingdom
15079,France
15080,Germany
15081,United Kingdom
15082,France
15083,United Kingdom
15084,Germany
15085,France
15086,France
15087,United Kingdom
15088,United Kingdom
15089,United Kingdom
15090,Germany
15091,Germany
15092,Germany
15093,France
15094,France
15095,France
15096,Germany
15097,United Kingdom
15098,France
15099,France
15100,Germany
15101,Germany
15102,United Kingdom
15103,United Kingdom
15104,France
15105,Germany
15106,United Kingdom
15107,France
15108,United Kingdom
15109,France
15110,Germany
15111,France
15112,France
15113,Germany
15114,Germany
15115,France
15116,Germany
15117,Germany
15118,United Kingdom
15119,United Kingdom
15120,Australia
15121,Australia
15122,Australia
15123,Australia
15124,Australia
15125,Australia
15126,Australia
15127,Australia
15128,Australia
15129,Australia
15130,Australia
15131,Australia
15132,Australia
15133,Australia
15134,Australia
15135,Australia
15136,Australia
15137,Australia
15138,Australia
15139,Australia
15140,Australia
15141,Australia
15142,Australia
15143,Australia
15144,Australia
15145,Australia
15146,Australia
15147,Australia
15148,Australia
15149,Australia
15150,Australia
15151,Australia
15152,Australia
15153,Australia
15154,Australia
15155,USA
15156,USA
15157,Canada
15158,USA
15159,USA
15160,USA
15161,USA
15162,Canada
15163,USA
15164,USA
15165,USA
15166,USA
15167,USA
15168,USA
15169,Australia
15170,Australia
15171,Australia
15172,Canada
15173,USA
15174,USA
15175,Canada
15176,Canada
15177,USA
15178,Australia
15179,Australia
15180,Australia
15181,Australia
15182,Australia
15183,Australia
15184,Australia
15185,Australia
15186,Australia
15187,Canada
15188,USA
15189,USA
15190,USA
15191,USA
15192,Australia
15193,USA
15194,USA
15195,USA
15196,USA
15197,Canada
15198,USA
15199,USA
15200,USA
15201,Canada
15202,USA
15203,USA
15204,Australia
15205,Australia
15206,Australia
15207,Australia
15208,Australia
15209,Australia
15210,Australia
15211,Australia
15212,Australia
15213,Australia
15214,Australia
15215,Australia
15216,Australia
15217,Australia
15218,Australia
15219,Australia
15220,Australia
15221,Australia
15222,Australia
15223,Australia
15224,Australia
15225,Australia
15226,Australia
15227,Australia
15228,Australia
15229,Australia
15230,Australia
15231,Australia
15232,Australia
15233,Australia
15234,Australia
15235,Australia
15236,Australia
15237,Australia
15238,Australia
15239,Australia
15240,Australia
15241,Australia
15242,Australia
15243,USA
15244,Canada
15245,USA
15246,USA
15247,USA
15248,USA
15249,USA
15250,USA
15251,Canada
15252,USA
15253,Australia
15254,USA
15255,USA
15256,USA
15257,USA
15258,USA
15259,USA
15260,USA
15261,Australia
15262,Australia
15263,Australia
15264,Australia
15265,Australia
15266,Australia
15267,Australia
15268,Australia
15269,USA
15270,USA
15271,USA
15272,USA
15273,USA
15274,USA
15275,USA
15276,USA
15277,USA
15278,USA
15279,USA
15280,USA
15281,USA
15282,USA
15283,Canada
15284,USA
15285,USA
15286,USA
15287,USA
15288,USA
15289,USA
15290,USA
15291,Canada
15292,USA
15293,USA
15294,USA
15295,USA
15296,USA
15297,USA
15298,USA
15299,USA
15300,USA
15301,USA
15302,USA
15303,USA
15304,Canada
15305,USA
15306,USA
15307,USA
15308,USA
15309,USA
15310,Canada
15311,USA
15312,USA
15313,USA
15314,USA
15315,USA
15316,USA
15317,USA
15318,USA
15319,USA
15320,USA
15321,USA
15322,USA
15323,Canada
15324,USA
15325,USA
15326,USA
15327,USA
15328,USA
15329,USA
15330,USA
15331,USA
15332,USA
15333,USA
15334,Canada
15335,USA
15336,USA
15337,USA
15338,USA
15339,USA
15340,Canada
15341,USA
15342,USA
15343,USA
15344,USA
15345,USA
15346,USA
15347,USA
15348,USA
15349,USA
15350,USA
15351,USA
15352,Germany
15353,United Kingdom
15354,United Kingdom
15355,France
15356,Germany
15357,Germany
15358,USA
15359,USA
15360,USA
15361,USA
15362,Canada
15363,Canada
15364,USA
15365,USA
15366,USA
15367,USA
15368,USA
15369,USA
15370,USA
15371,USA
15372,USA
15373,USA
15374,USA
15375,USA
15376,Canada
15377,Canada
15378,Canada
15379,USA
15380,USA
15381,USA
15382,USA
15383,USA
15384,USA
15385,USA
15386,USA
15387,USA
15388,USA
15389,USA
15390,USA
15391,Canada
15392,USA
15393,USA
15394,USA
15395,Canada
15396,USA
15397,USA
15398,USA
15399,USA
15400,USA
15401,USA
15402,Canada
15403,USA
15404,USA
15405,USA
15406,USA
15407,USA
15408,USA
15409,USA
15410,USA
15411,USA
15412,USA
15413,Canada
15414,USA
15415,USA
15416,USA
15417,USA
15418,Canada
15419,USA
15420,USA
15421,USA
15422,USA
15423,USA
15424,USA
15425,Australia
15426,Australia
15427,USA
15428,USA
15429,USA
15430,USA
15431,USA
15432,USA
15433,USA
15434,Australia
15435,Australia
15436,Australia
15437,Australia
15438,Australia
15439,Australia
15440,United Kingdom
15441,United Kingdom
15442,France
15443,Germany
15444,United Kingdom
15445,France
15446,France
15447,France
15448,United Kingdom
15449,United Kingdom
15450,France
15451,France
15452,France
15453,United Kingdom
15454,Germany
15455,France
15456,Germany
15457,Germany
15458,Germany
15459,Germany
15460,Germany
15461,United Kingdom
15462,France
15463,France
15464,Australia
15465,Australia
15466,USA
15467,USA
15468,Canada
15469,USA
15470,USA
15471,USA
15472,USA
15473,USA
15474,USA
15475,USA
15476,USA
15477,USA
15478,Canada
15479,USA
15480,USA
15481,USA
15482,USA
15483,USA
15484,USA
15485,USA
15486,USA
15487,USA
15488,Canada
15489,USA
15490,Canada
15491,USA
15492,USA
15493,USA
15494,Canada
15495,USA
15496,USA
15497,USA
15498,Canada
15499,USA
15500,USA
15501,USA
15502,USA
15503,USA
15504,USA
15505,USA
15506,USA
15507,Canada
15508,USA
15509,USA
15510,USA
15511,Canada
15512,USA
15513,USA
15514,USA
15515,USA
15516,USA
15517,USA
15518,USA
15519,USA
15520,USA
15521,USA
15522,USA
15523,USA
15524,USA
15525,USA
15526,Canada
15527,USA
15528,USA
15529,USA
15530,Canada
15531,USA
15532,USA
15533,USA
15534,USA
15535,USA
15536,Canada
15537,USA
15538,USA
15539,USA
15540,USA
15541,USA
15542,USA
15543,Canada
15544,USA
15545,USA
15546,USA
15547,USA
15548,USA
15549,Canada
15550,USA
15551,USA
15552,USA
15553,USA
15554,USA
15555,USA
15556,Canada
15557,USA
15558,USA
15559,Canada
15560,USA
15561,USA
15562,USA
15563,USA
15564,Canada
15565,USA
15566,Canada
15567,Canada
15568,USA
15569,USA
15570,USA
15571,Canada
15572,Canada
15573,USA
15574,USA
15575,Australia
15576,Australia
15577,Australia
15578,Australia
15579,Australia
15580,Australia
15581,Australia
15582,Australia
15583,Australia
15584,Australia
15585,Australia
15586,Australia
15587,Australia
15588,Australia
15589,Australia
15590,Australia
15591,Australia
15592,Australia
15593,Australia
15594,Australia
15595,Australia
15596,Australia
15597,Australia
15598,Australia
15599,Australia
15600,Australia
15601,Australia
15602,Australia
15603,Australia
15604,Australia
15605,Australia
15606,Australia
15607,Australia
15608,Germany
15609,France
15610,United Kingdom
15611,France
15612,United Kingdom
15613,France
15614,United Kingdom
15615,United Kingdom
15616,France
15617,France
15618,Germany
15619,United Kingdom
15620,United Kingdom
15621,United Kingdom
15622,Germany
15623,France
15624,France
15625,Germany
15626,Germany
15627,Germany
15628,Germany
15629,Germany
15630,United Kingdom
15631,United Kingdom
15632,United Kingdom
15633,Germany
15634,United Kingdom
15635,United Kingdom
15636,Germany
15637,France
15638,United Kingdom
15639,Australia
15640,Australia
15641,Australia
15642,Australia
15643,Australia
15644,Australia
15645,Australia
15646,Australia
15647,Australia
15648,Australia
15649,Germany
15650,France
15651,France
15652,United Kingdom
15653,United Kingdom
15654,France
15655,Germany
15656,Germany
15657,United Kingdom
15658,France
15659,Germany
15660,United Kingdom
15661,United Kingdom
15662,United Kingdom
15663,France
15664,Germany
15665,France
15666,France
15667,Germany
15668,United Kingdom
15669,United Kingdom
15670,France
15671,United Kingdom
15672,Germany
15673,France
15674,Germany
15675,Germany
15676,France
15677,France
15678,France
15679,France
15680,Germany
15681,United Kingdom
15682,Germany
15683,Germany
15684,Germany
15685,Germany
15686,United Kingdom
15687,France
15688,France
15689,Germany
15690,United Kingdom
15691,United Kingdom
15692,United Kingdom
15693,Germany
15694,United Kingdom
15695,United Kingdom
15696,France
15697,Germany
15698,Germany
15699,United Kingdom
15700,France
15701,United Kingdom
15702,United Kingdom
15703,Germany
15704,Germany
15705,Germany
15706,France
15707,Germany
15708,Germany
15709,France
15710,France
15711,United Kingdom
15712,United Kingdom
15713,United Kingdom
15714,France
15715,Australia
15716,Australia
15717,Australia
15718,Australia
15719,Australia
15720,Australia
15721,Australia
15722,Australia
15723,Australia
15724,Australia
15725,Australia
15726,Australia
15727,Australia
15728,Australia
15729,Australia
15730,Australia
15731,Australia
15732,Australia
15733,Australia
15734,Australia
15735,Australia
15736,USA
15737,USA
15738,USA
15739,USA
15740,USA
15741,USA
15742,USA
15743,USA
15744,USA
15745,USA
15746,USA
15747,USA
15748,Canada
15749,USA
15750,USA
15751,Australia
15752,Australia
15753,Australia
15754,Australia
15755,Australia
15756,Australia
15757,Australia
15758,Australia
15759,USA
15760,Canada
15761,Canada
15762,Canada
15763,USA
15764,Australia
15765,Australia
15766,Australia
15767,Australia
15768,USA
15769,USA
15770,USA
15771,USA
15772,USA
15773,USA
15774,USA
15775,USA
15776,USA
15777,USA
15778,USA
15779,USA
15780,USA
15781,USA
15782,USA
15783,Australia
15784,Australia
15785,Australia
15786,Australia
15787,Australia
15788,Australia
15789,Australia
15790,Australia
15791,Australia
15792,Australia
15793,Australia
15794,Australia
15795,Australia
15796,Australia
15797,Australia
15798,Australia
15799,Australia
15800,Australia
15801,Australia
15802,Australia
15803,Australia
15804,Australia
15805,Australia
15806,Australia
15807,Australia
15808,Australia
15809,Australia
15810,Australia
15811,Australia
15812,Australia
15813,USA
15814,USA
15815,Canada
15816,Canada
15817,USA
15818,USA
15819,USA
15820,USA
15821,USA
15822,Australia
15823,Australia
15824,USA
15825,USA
15826,Canada
15827,USA
15828,Australia
15829,Australia
15830,Australia
15831,Australia
15832,Australia
15833,Australia
15834,USA
15835,USA
15836,USA
15837,USA
15838,USA
15839,USA
15840,USA
15841,USA
15842,USA
15843,USA
15844,USA
15845,USA
15846,Canada
15847,Canada
15848,USA
15849,USA
15850,Canada
15851,USA
15852,USA
15853,USA
15854,USA
15855,USA
15856,Canada
15857,USA
15858,USA
15859,Canada
15860,USA
15861,USA
15862,USA
15863,Canada
15864,Canada
15865,USA
15866,Canada
15867,USA
15868,Canada
15869,USA
15870,USA
15871,USA
15872,Canada
15873,USA
15874,Canada
15875,USA
15876,Canada
15877,USA
15878,Canada
15879,Canada
15880,USA
15881,Canada
15882,USA
15883,USA
15884,USA
15885,USA
15886,USA
15887,USA
15888,USA
15889,Canada
15890,USA
15891,USA
15892,USA
15893,USA
15894,USA
15895,USA
15896,USA
15897,USA
15898,USA
15899,USA
15900,Canada
15901,USA
15902,USA
15903,USA
15904,USA
15905,Canada
15906,Canada
15907,USA
15908,USA
15909,USA
15910,USA
15911,USA
15912,USA
15913,Canada
15914,USA
15915,USA
15916,Canada
15917,Canada
15918,USA
15919,United Kingdom
15920,France
15921,France
15922,United Kingdom
15923,France
15924,France
15925,France
15926,Germany
15927,Germany
15928,Germany
15929,United Kingdom
15930,France
15931,France
15932,Germany
15933,United Kingdom
15934,USA
15935,USA
15936,USA
15937,USA
15938,USA
15939,USA
15940,USA
15941,USA
15942,Canada
15943,Canada
15944,USA
15945,USA
15946,USA
15947,USA
15948,USA
15949,USA
15950,USA
15951,USA
15952,USA
15953,USA
15954,USA
15955,USA
15956,USA
15957,USA
15958,USA
15959,USA
15960,USA
15961,USA
15962,USA
15963,USA
15964,USA
15965,USA
15966,USA
15967,USA
15968,USA
15969,USA
15970,USA
15971,USA
15972,USA
15973,USA
15974,Canada
15975,USA
15976,USA
15977,USA
15978,USA
15979,USA
15980,USA
15981,USA
15982,USA
15983,USA
15984,USA
15985,USA
15986,USA
15987,USA
15988,USA
15989,USA
15990,USA
15991,USA
15992,USA
15993,Canada
15994,USA
15995,USA
15996,Canada
15997,Canada
15998,USA
15999,USA
16000,Canada
16001,USA
16002,USA
16003,USA
16004,USA
16005,Canada
16006,USA
16007,USA
16008,USA
16009,Canada
16010,USA
16011,Canada
16012,Canada
16013,USA
16014,USA
16015,USA
16016,Australia
16017,USA
16018,USA
16019,USA
16020,Canada
16021,Canada
16022,USA
16023,Australia
16024,USA
16025,Australia
16026,Australia
16027,Australia
16028,Australia
16029,Australia
16030,Australia
16031,Australia
16032,Australia
16033,United Kingdom
16034,Germany
16035,United Kingdom
16036,United Kingdom
16037,Germany
16038,United Kingdom
16039,Germany
16040,France
16041,France
16042,France
16043,United Kingdom
16044,Germany
16045,United Kingdom
16046,United Kingdom
16047,Germany
16048,Germany
16049,Germany
16050,United Kingdom
16051,France
16052,France
16053,United Kingdom
16054,United Kingdom
16055,Germany
16056,France
16057,Germany
16058,United Kingdom
16059,Germany
16060,USA
16061,USA
16062,USA
16063,USA
16064,USA
16065,USA
16066,USA
16067,USA
16068,USA
16069,USA
16070,USA
16071,Canada
16072,USA
16073,USA
16074,USA
16075,USA
16076,USA
16077,USA
16078,USA
16079,USA
16080,USA
16081,USA
16082,USA
16083,Canada
16084,USA
16085,Canada
16086,USA
16087,USA
16088,USA
16089,Canada
16090,Canada
16091,USA
16092,USA
16093,USA
16094,USA
16095,USA
16096,Canada
16097,Canada
16098,Canada
16099,USA
16100,USA
16101,USA
16102,USA
16103,Canada
16104,USA
16105,USA
16106,Canada
16107,USA
16108,USA
16109,Canada
16110,Canada
16111,USA
16112,USA
16113,USA
16114,USA
16115,USA
16116,USA
16117,USA
16118,USA
16119,USA
16120,USA
16121,Canada
16122,USA
16123,Canada
16124,Canada
16125,Canada
16126,USA
16127,USA
16128,Canada
16129,USA
16130,USA
16131,USA
16132,Canada
16133,Canada
16134,USA
16135,USA
16136,USA
16137,USA
16138,USA
16139,USA
16140,Canada
16141,USA
16142,USA
16143,USA
16144,USA
16145,USA
16146,USA
16147,USA
16148,USA
16149,Canada
16150,USA
16151,USA
16152,USA
16153,USA
16154,USA
16155,Australia
16156,Australia
16157,Australia
16158,Australia
16159,Australia
16160,Australia
16161,Australia
16162,Australia
16163,Australia
16164,Australia
16165,Australia
16166,Australia
16167,Australia
16168,Australia
16169,Australia
16170,Australia
16171,Australia
16172,Australia
16173,Australia
16174,Australia
16175,Australia
16176,Australia
16177,Australia
16178,Australia
16179,Australia
16180,Australia
16181,Australia
16182,Australia
16183,Australia
16184,Australia
16185,Australia
16186,France
16187,United Kingdom
16188,United Kingdom
16189,United Kingdom
16190,United Kingdom
16191,United Kingdom
16192,United Kingdom
16193,United Kingdom
16194,France
16195,France
16196,Germany
16197,Germany
16198,United Kingdom
16199,Germany
16200,United Kingdom
16201,United Kingdom
16202,France
16203,France
16204,France
16205,France
16206,Germany
16207,Germany
16208,Germany
16209,France
16210,USA
16211,USA
16212,USA
16213,Canada
16214,USA
16215,USA
16216,USA
16217,USA
16218,USA
16219,Canada
16220,Canada
16221,USA
16222,USA
16223,USA
16224,USA
16225,USA
16226,USA
16227,USA
16228,USA
16229,USA
16230,USA
16231,USA
16232,USA
16233,USA
16234,USA
16235,USA
16236,USA
16237,USA
16238,USA
16239,USA
16240,USA
16241,Canada
16242,USA
16243,Canada
16244,USA
16245,USA
16246,USA
16247,Canada
16248,USA
16249,USA
16250,United Kingdom
16251,United Kingdom
16252,Germany
16253,Germany
16254,France
16255,France
16256,United Kingdom
16257,France
16258,France
16259,France
16260,United Kingdom
16261,France
16262,France
16263,Germany
16264,United Kingdom
16265,France
16266,France
16267,Germany
16268,France
16269,Germany
16270,Germany
16271,Germany
16272,United Kingdom
16273,France
16274,Germany
16275,United Kingdom
16276,Germany
16277,United Kingdom
16278,Germany
16279,Germany
16280,Germany
16281,France
16282,United Kingdom
16283,France
16284,Germany
16285,France
16286,France
16287,United Kingdom
16288,France
16289,France
16290,Germany
16291,France
16292,Germany
16293,United Kingdom
16294,United Kingdom
16295,France
16296,France
16297,Germany
16298,Germany
16299,Germany
16300,United Kingdom
16301,France
16302,France
16303,Germany
16304,Germany
16305,Germany
16306,United Kingdom
16307,Germany
16308,United Kingdom
16309,Germany
16310,France
16311,United Kingdom
16312,France
16313,Germany
16314,United Kingdom
16315,France
16316,Germany
16317,United Kingdom
16318,United Kingdom
16319,France
16320,France
16321,United Kingdom
16322,France
16323,France
16324,United Kingdom
16325,United Kingdom
16326,Germany
16327,Germany
16328,United Kingdom
16329,United Kingdom
16330,France
16331,Canada
16332,Australia
16333,USA
16334,USA
16335,USA
16336,USA
16337,USA
16338,Australia
16339,Australia
16340,USA
16341,Australia
16342,Australia
16343,Australia
16344,USA
16345,Australia
16346,Australia
16347,Australia
16348,Australia
16349,Australia
16350,Australia
16351,Australia
16352,Australia
16353,USA
16354,USA
16355,USA
16356,USA
16357,USA
16358,Canada
16359,USA
16360,USA
16361,USA
16362,USA
16363,Canada
16364,USA
16365,Canada
16366,Canada
16367,USA
16368,USA
16369,USA
16370,Canada
16371,USA
16372,USA
16373,USA
16374,USA
16375,USA
16376,USA
16377,USA
16378,USA
16379,USA
16380,Canada
16381,USA
16382,USA
16383,USA
16384,USA
16385,USA
16386,United Kingdom
16387,United Kingdom
16388,France
16389,Germany
16390,Germany
16391,France
16392,France
16393,France
16394,France
16395,France
16396,Germany
16397,Germany
16398,France
16399,Germany
16400,France
16401,United Kingdom
16402,United Kingdom
16403,France
16404,France
16405,United Kingdom
16406,United Kingdom
16407,United Kingdom
16408,France
16409,Germany
16410,United Kingdom
16411,Germany
16412,France
16413,Germany
16414,Germany
16415,France
16416,France
16417,United Kingdom
16418,France
16419,Germany
16420,United Kingdom
16421,France
16422,Germany
16423,France
16424,France
16425,France
16426,France
16427,United Kingdom
16428,United Kingdom
16429,Germany
16430,France
16431,France
16432,France
16433,France
16434,Germany
16435,United Kingdom
16436,France
16437,United Kingdom
16438,France
16439,France
16440,France
16441,Germany
16442,Germany
16443,United Kingdom
16444,United Kingdom
16445,United Kingdom
16446,United Kingdom
16447,United Kingdom
16448,Germany
16449,United Kingdom
16450,France
16451,Germany
16452,United Kingdom
16453,United Kingdom
16454,United Kingdom
16455,France
16456,Germany
16457,Germany
16458,Germany
16459,United Kingdom
16460,United Kingdom
16461,United Kingdom
16462,Germany
16463,Germany
16464,United Kingdom
16465,United Kingdom
16466,Germany
16467,United Kingdom
16468,France
16469,France
16470,United Kingdom
16471,France
16472,France
16473,Germany
16474,Germany
16475,Germany
16476,France
16477,USA
16478,USA
16479,Canada
16480,Australia
16481,Australia
16482,Australia
16483,Australia
16484,Australia
16485,USA
16486,Australia
16487,Australia
16488,Australia
16489,Australia
16490,USA
16491,Canada
16492,Australia
16493,Australia
16494,Australia
16495,Australia
16496,Australia
16497,Canada
16498,USA
16499,USA
16500,USA
16501,USA
16502,USA
16503,USA
16504,USA
16505,USA
16506,Canada
16507,France
16508,France
16509,United Kingdom
16510,France
16511,United Kingdom
16512,United Kingdom
16513,France
16514,Australia
16515,Australia
16516,Australia
16517,Australia
16518,Australia
16519,Australia
16520,Australia
16521,Australia
16522,Australia
16523,Australia
16524,Australia
16525,Australia
16526,Australia
16527,Australia
16528,Australia
16529,Australia
16530,United Kingdom
16531,United Kingdom
16532,France
16533,France
16534,Germany
16535,France
16536,France
16537,Germany
16538,Germany
16539,Germany
16540,Germany
16541,United Kingdom
16542,United Kingdom
16543,United Kingdom
16544,France
16545,France
16546,United Kingdom
16547,France
16548,France
16549,Germany
16550,United Kingdom
16551,France
16552,Germany
16553,United Kingdom
16554,United Kingdom
16555,France
16556,Germany
16557,France
16558,Germany
16559,France
16560,France
16561,United Kingdom
16562,United Kingdom
16563,United Kingdom
16564,United Kingdom
16565,Germany
16566,France
16567,Germany
16568,Germany
16569,France
16570,France
16571,United Kingdom
16572,Germany
16573,United Kingdom
16574,United Kingdom
16575,United Kingdom
16576,France
16577,France
16578,Germany
16579,United Kingdom
16580,France
16581,France
16582,Germany
16583,Germany
16584,United Kingdom
16585,United Kingdom
16586,France
16587,Germany
16588,United Kingdom
16589,United Kingdom
16590,United Kingdom
16591,United Kingdom
16592,France
16593,United Kingdom
16594,United Kingdom
16595,United Kingdom
16596,France
16597,Germany
16598,United Kingdom
16599,United Kingdom
16600,France
16601,United Kingdom
16602,United Kingdom
16603,Germany
16604,Germany
16605,Australia
16606,Australia
16607,Australia
16608,Australia
16609,Australia
16610,Australia
16611,Australia
16612,Australia
16613,Australia
16614,Australia
16615,Australia
16616,Australia
16617,Australia
16618,Australia
16619,Australia
16620,Australia
16621,Australia
16622,Australia
16623,Australia
16624,Australia
16625,Australia
16626,Australia
16627,Australia
16628,Australia
16629,Australia
16630,Australia
16631,Australia
16632,Australia
16633,Australia
16634,Australia
16635,Australia
16636,Australia
16637,Australia
16638,Australia
16639,Australia
16640,Australia
16641,USA
16642,USA
16643,Canada
16644,USA
16645,USA
16646,Canada
16647,USA
16648,USA
16649,Canada
16650,USA
16651,USA
16652,USA
16653,USA
16654,Canada
16655,USA
16656,Australia
16657,Australia
16658,Australia
16659,Australia
16660,Australia
16661,Australia
16662,Australia
16663,Australia
16664,Australia
16665,Australia
16666,Canada
16667,Canada
16668,USA
16669,USA
16670,USA
16671,USA
16672,USA
16673,USA
16674,Australia
16675,Australia
16676,USA
16677,USA
16678,Canada
16679,Australia
16680,Australia
16681,Australia
16682,Australia
16683,Australia
16684,Australia
16685,Australia
16686,Australia
16687,Australia
16688,Australia
16689,Australia
16690,Australia
16691,Australia
16692,Australia
16693,Australia
16694,Australia
16695,Australia
16696,Australia
16697,Australia
16698,Australia
16699,Australia
16700,Australia
16701,Australia
16702,Australia
16703,Australia
16704,Australia
16705,Australia
16706,Australia
16707,Australia
16708,Australia
16709,Australia
16710,Australia
16711,Australia
16712,Australia
16713,Australia
16714,USA
16715,USA
16716,USA
16717,Canada
16718,USA
16719,USA
16720,USA
16721,Canada
16722,USA
16723,USA
16724,USA
16725,USA
16726,USA
16727,USA
16728,USA
16729,Australia
16730,Australia
16731,Canada
16732,USA
16733,Australia
16734,Australia
16735,USA
16736,USA
16737,USA
16738,Australia
16739,Australia
16740,Australia
16741,Australia
16742,Australia
16743,Australia
16744,Australia
16745,Australia
16746,USA
16747,USA
16748,USA
16749,USA
16750,USA
16751,USA
16752,USA
16753,USA
16754,Canada
16755,USA
16756,USA
16757,USA
16758,Canada
16759,USA
16760,USA
16761,USA
16762,USA
16763,Canada
16764,Canada
16765,USA
16766,USA
16767,USA
16768,USA
16769,USA
16770,USA
16771,Canada
16772,Canada
16773,USA
16774,USA
16775,USA
16776,USA
16777,USA
16778,USA
16779,USA
16780,USA
16781,USA
16782,USA
16783,USA
16784,Canada
16785,USA
16786,USA
16787,USA
16788,USA
16789,USA
16790,USA
16791,Canada
16792,USA
16793,USA
16794,USA
16795,USA
16796,USA
16797,USA
16798,USA
16799,USA
16800,Canada
16801,USA
16802,USA
16803,USA
16804,USA
16805,USA
16806,USA
16807,USA
16808,USA
16809,USA
16810,Canada
16811,USA
16812,USA
16813,USA
16814,USA
16815,USA
16816,USA
16817,USA
16818,USA
16819,USA
16820,Canada
16821,Germany
16822,United Kingdom
16823,United Kingdom
16824,Germany
16825,Germany
16826,Germany
16827,United Kingdom
16828,United Kingdom
16829,United Kingdom
16830,Germany
16831,United Kingdom
16832,USA
16833,USA
16834,Canada
16835,USA
16836,Canada
16837,Canada
16838,USA
16839,USA
16840,Canada
16841,Canada
16842,USA
16843,USA
16844,USA
16845,USA
16846,Canada
16847,Canada
16848,Canada
16849,Canada
16850,USA
16851,USA
16852,USA
16853,USA
16854,USA
16855,Canada
16856,USA
16857,USA
16858,USA
16859,USA
16860,USA
16861,USA
16862,USA
16863,USA
16864,USA
16865,USA
16866,USA
16867,USA
16868,USA
16869,USA
16870,Canada
16871,USA
16872,USA
16873,Canada
16874,USA
16875,USA
16876,Canada
16877,USA
16878,USA
16879,USA
16880,USA
16881,USA
16882,USA
16883,USA
16884,USA
16885,USA
16886,USA
16887,USA
16888,USA
16889,USA
16890,USA
16891,USA
16892,USA
16893,USA
16894,USA
16895,USA
16896,USA
16897,USA
16898,USA
16899,USA
16900,USA
16901,USA
16902,Canada
16903,USA
16904,USA
16905,USA
16906,Canada
16907,USA
16908,USA
16909,USA
16910,Canada
16911,USA
16912,USA
16913,USA
16914,USA
16915,USA
16916,USA
16917,USA
16918,USA
16919,Australia
16920,USA
16921,Canada
16922,USA
16923,USA
16924,USA
16925,USA
16926,Australia
16927,Australia
16928,Australia
16929,Australia
16930,Australia
16931,Australia
16932,United Kingdom
16933,United Kingdom
16934,United Kingdom
16935,United Kingdom
16936,France
16937,France
16938,United Kingdom
16939,Germany
16940,Germany
16941,Germany
16942,France
16943,Germany
16944,Germany
16945,United Kingdom
16946,United Kingdom
16947,USA
16948,Canada
16949,USA
16950,Canada
16951,USA
16952,Canada
16953,USA
16954,USA
16955,Canada
16956,USA
16957,USA
16958,Canada
16959,Canada
16960,USA
16961,USA
16962,USA
16963,USA
16964,Canada
16965,USA
16966,USA
16967,USA
16968,USA
16969,USA
16970,USA
16971,USA
16972,USA
16973,USA
16974,USA
16975,USA
16976,USA
16977,USA
16978,USA
16979,USA
16980,USA
16981,USA
16982,USA
16983,USA
16984,USA
16985,USA
16986,USA
16987,Canada
16988,USA
16989,USA
16990,USA
16991,USA
16992,USA
16993,USA
16994,USA
16995,Canada
16996,Canada
16997,USA
16998,USA
16999,USA
17000,USA
17001,USA
17002,USA
17003,USA
17004,USA
17005,USA
17006,USA
17007,USA
17008,USA
17009,USA
17010,USA
17011,USA
17012,USA
17013,USA
17014,USA
17015,USA
17016,USA
17017,USA
17018,USA
17019,USA
17020,USA
17021,USA
17022,USA
17023,Canada
17024,USA
17025,Canada
17026,Canada
17027,Canada
17028,USA
17029,USA
17030,USA
17031,USA
17032,USA
17033,USA
17034,Canada
17035,USA
17036,Canada
17037,Canada
17038,USA
17039,USA
17040,USA
17041,USA
17042,USA
17043,USA
17044,USA
17045,Australia
17046,Australia
17047,Australia
17048,Australia
17049,Australia
17050,Australia
17051,Australia
17052,Australia
17053,Australia
17054,Australia
17055,Australia
17056,Australia
17057,Australia
17058,Australia
17059,Australia
17060,Australia
17061,Australia
17062,Australia
17063,Australia
17064,Australia
17065,Australia
17066,Australia
17067,Australia
17068,Australia
17069,Australia
17070,Australia
17071,Australia
17072,Australia
17073,Australia
17074,Australia
17075,Australia
17076,Australia
17077,Australia
17078,Australia
17079,Australia
17080,France
17081,France
17082,Germany
17083,Germany
17084,France
17085,United Kingdom
17086,Germany
17087,United Kingdom
17088,France
17089,Germany
17090,Germany
17091,Germany
17092,Germany
17093,Germany
17094,United Kingdom
17095,France
17096,Germany
17097,United Kingdom
17098,United Kingdom
17099,France
17100,Germany
17101,United Kingdom
17102,Germany
17103,Germany
17104,Germany
17105,United Kingdom
17106,France
17107,Germany
17108,France
17109,France
17110,United Kingdom
17111,Germany
17112,United Kingdom
17113,Germany
17114,Germany
17115,United Kingdom
17116,Canada
17117,USA
17118,USA
17119,Canada
17120,USA
17121,USA
17122,USA
17123,USA
17124,USA
17125,Canada
17126,Canada
17127,USA
17128,USA
17129,USA
17130,USA
17131,USA
17132,USA
17133,USA
17134,USA
17135,USA
17136,USA
17137,USA
17138,USA
17139,USA
17140,USA
17141,USA
17142,USA
17143,Canada
17144,USA
17145,USA
17146,USA
17147,Canada
17148,Canada
17149,USA
17150,USA
17151,USA
17152,USA
17153,USA
17154,USA
17155,USA
17156,USA
17157,USA
17158,USA
17159,USA
17160,USA
17161,USA
17162,USA
17163,USA
17164,USA
17165,USA
17166,USA
17167,USA
17168,USA
17169,USA
17170,USA
17171,USA
17172,USA
17173,USA
17174,USA
17175,Canada
17176,USA
17177,USA
17178,USA
17179,USA
17180,USA
17181,Germany
17182,United Kingdom
17183,Germany
17184,Germany
17185,United Kingdom
17186,United Kingdom
17187,France
17188,France
17189,Germany
17190,Germany
17191,Germany
17192,United Kingdom
17193,United Kingdom
17194,Germany
17195,France
17196,France
17197,Germany
17198,Germany
17199,Germany
17200,Germany
17201,Germany
17202,United Kingdom
17203,United Kingdom
17204,United Kingdom
17205,United Kingdom
17206,France
17207,United Kingdom
17208,Germany
17209,Germany
17210,Germany
17211,France
17212,France
17213,United Kingdom
17214,United Kingdom
17215,Germany
17216,France
17217,Germany
17218,United Kingdom
17219,France
17220,Germany
17221,Germany
17222,France
17223,France
17224,Germany
17225,United Kingdom
17226,United Kingdom
17227,Australia
17228,Australia
17229,Australia
17230,Australia
17231,Australia
17232,Australia
17233,Australia
17234,Australia
17235,Australia
17236,Australia
17237,Australia
17238,Australia
17239,Australia
17240,Australia
17241,Australia
17242,Australia
17243,Australia
17244,Australia
17245,Australia
17246,Australia
17247,Australia
17248,Australia
17249,Australia
17250,Australia
17251,Australia
17252,Australia
17253,Australia
17254,Australia
17255,Australia
17256,Australia
17257,Australia
17258,Australia
17259,Australia
17260,USA
17261,USA
17262,USA
17263,Canada
17264,USA
17265,USA
17266,USA
17267,USA
17268,USA
17269,USA
17270,USA
17271,USA
17272,USA
17273,USA
17274,USA
17275,USA
17276,USA
17277,Australia
17278,Australia
17279,Australia
17280,Australia
17281,Australia
17282,Australia
17283,Australia
17284,Australia
17285,Australia
17286,Australia
17287,Australia
17288,Australia
17289,Australia
17290,Australia
17291,Australia
17292,Australia
17293,Australia
17294,Australia
17295,Australia
17296,Australia
17297,Australia
17298,Australia
17299,Australia
17300,Australia
17301,Australia
17302,Australia
17303,Australia
17304,Australia
17305,Australia
17306,Australia
17307,Australia
17308,Australia
17309,Australia
17310,Australia
17311,Australia
17312,Australia
17313,Australia
17314,Australia
17315,Australia
17316,Australia
17317,Australia
17318,Australia
17319,Australia
17320,Australia
17321,Australia
17322,Australia
17323,Australia
17324,Australia
17325,Australia
17326,Australia
17327,Australia
17328,Australia
17329,Australia
17330,Australia
17331,Australia
17332,Australia
17333,Australia
17334,Australia
17335,USA
17336,USA
17337,Canada
17338,Canada
17339,USA
17340,USA
17341,USA
17342,USA
17343,USA
17344,USA
17345,Canada
17346,Australia
17347,Canada
17348,Canada
17349,USA
17350,Australia
17351,Australia
17352,Australia
17353,Australia
17354,Australia
17355,Australia
17356,USA
17357,USA
17358,USA
17359,USA
17360,Canada
17361,USA
17362,USA
17363,USA
17364,USA
17365,USA
17366,USA
17367,USA
17368,USA
17369,USA
17370,Australia
17371,Canada
17372,Canada
17373,Canada
17374,Canada
17375,Australia
17376,USA
17377,USA
17378,USA
17379,USA
17380,USA
17381,Australia
17382,USA
17383,USA
17384,USA
17385,Canada
17386,USA
17387,Canada
17388,Canada
17389,USA
17390,USA
17391,USA
17392,USA
17393,USA
17394,USA
17395,USA
17396,USA
17397,USA
17398,USA
17399,USA
17400,Canada
17401,USA
17402,Canada
17403,Canada
17404,Canada
17405,USA
17406,USA
17407,USA
17408,USA
17409,Canada
17410,Canada
17411,Canada
17412,USA
17413,USA
17414,USA
17415,USA
17416,USA
17417,USA
17418,USA
17419,USA
17420,USA
17421,USA
17422,Canada
17423,USA
17424,USA
17425,USA
17426,USA
17427,USA
17428,USA
17429,USA
17430,USA
17431,USA
17432,USA
17433,USA
17434,USA
17435,USA
17436,USA
17437,USA
17438,USA
17439,USA
17440,USA
17441,USA
17442,Canada
17443,USA
17444,USA
17445,USA
17446,USA
17447,USA
17448,USA
17449,USA
17450,Canada
17451,USA
17452,USA
17453,USA
17454,USA
17455,USA
17456,USA
17457,USA
17458,USA
17459,USA
17460,USA
17461,USA
17462,USA
17463,USA
17464,USA
17465,USA
17466,USA
17467,USA
17468,Canada
17469,USA
17470,USA
17471,USA
17472,USA
17473,USA
17474,USA
17475,USA
17476,Canada
17477,USA
17478,Australia
17479,Australia
17480,USA
17481,Canada
17482,Canada
17483,Canada
17484,Australia
17485,USA
17486,USA
17487,USA
17488,USA
17489,USA
17490,USA
17491,Canada
17492,USA
17493,Australia
17494,Australia
17495,Australia
17496,Australia
17497,USA
17498,USA
17499,USA
17500,Australia
17501,Australia
17502,Australia
17503,Australia
17504,Australia
17505,USA
17506,USA
17507,USA
17508,USA
17509,Canada
17510,Australia
17511,Australia
17512,Australia
17513,Australia
17514,Australia
17515,Australia
17516,USA
17517,USA
17518,USA
17519,USA
17520,USA
17521,USA
17522,Australia
17523,USA
17524,USA
17525,USA
17526,USA
17527,USA
17528,USA
17529,USA
17530,USA
17531,USA
17532,USA
17533,USA
17534,USA
17535,USA
17536,USA
17537,USA
17538,USA
17539,Canada
17540,USA
17541,USA
17542,USA
17543,USA
17544,USA
17545,USA
17546,USA
17547,USA
17548,USA
17549,USA
17550,USA
17551,Canada
17552,USA
17553,USA
17554,USA
17555,USA
17556,USA
17557,USA
17558,Canada
17559,USA
17560,USA
17561,USA
17562,USA
17563,USA
17564,USA
17565,USA
17566,USA
17567,USA
17568,USA
17569,USA
17570,USA
17571,USA
17572,USA
17573,USA
17574,USA
17575,USA
17576,USA
17577,USA
17578,USA
17579,Canada
17580,USA
17581,USA
17582,USA
17583,USA
17584,USA
17585,Canada
17586,Canada
17587,USA
17588,USA
17589,USA
17590,USA
17591,USA
17592,USA
17593,USA
17594,USA
17595,Canada
17596,USA
17597,USA
17598,USA
17599,USA
17600,USA
17601,Canada
17602,USA
17603,USA
17604,USA
17605,USA
17606,USA
17607,USA
17608,USA
17609,USA
17610,USA
17611,USA
17612,USA
17613,Canada
17614,USA
17615,USA
17616,USA
17617,USA
17618,USA
17619,Canada
17620,USA
17621,USA
17622,Canada
17623,USA
17624,USA
17625,Canada
17626,United Kingdom
17627,United Kingdom
17628,United Kingdom
17629,Germany
17630,Germany
17631,Germany
17632,United Kingdom
17633,France
17634,France
17635,Germany
17636,Germany
17637,Germany
17638,France
17639,United Kingdom
17640,Germany
17641,France
17642,United Kingdom
17643,France
17644,United Kingdom
17645,United Kingdom
17646,France
17647,France
17648,France
17649,United Kingdom
17650,United Kingdom
17651,France
17652,Germany
17653,France
17654,Canada
17655,Canada
17656,Canada
17657,Canada
17658,USA
17659,USA
17660,USA
17661,USA
17662,USA
17663,USA
17664,USA
17665,USA
17666,USA
17667,USA
17668,USA
17669,USA
17670,USA
17671,USA
17672,USA
17673,USA
17674,USA
17675,USA
17676,USA
17677,USA
17678,USA
17679,USA
17680,Canada
17681,USA
17682,USA
17683,USA
17684,USA
17685,USA
17686,Canada
17687,USA
17688,USA
17689,USA
17690,USA
17691,Canada
17692,USA
17693,USA
17694,USA
17695,USA
17696,USA
17697,USA
17698,USA
17699,USA
17700,United Kingdom
17701,United Kingdom
17702,United Kingdom
17703,France
17704,Germany
17705,United Kingdom
17706,United Kingdom
17707,Germany
17708,United Kingdom
17709,United Kingdom
17710,United Kingdom
17711,France
17712,France
17713,France
17714,France
17715,United Kingdom
17716,France
17717,United Kingdom
17718,Germany
17719,France
17720,United Kingdom
17721,France
17722,Germany
17723,United Kingdom
17724,Australia
17725,Australia
17726,Australia
17727,Australia
17728,Australia
17729,Australia
17730,Australia
17731,Australia
17732,Australia
17733,Australia
17734,Australia
17735,Australia
17736,Australia
17737,France
17738,Germany
17739,France
17740,France
17741,Germany
17742,Germany
17743,United Kingdom
17744,United Kingdom
17745,Germany
17746,Germany
17747,United Kingdom
17748,France
17749,France
17750,United Kingdom
17751,France
17752,France
17753,United Kingdom
17754,France
17755,United Kingdom
17756,France
17757,United Kingdom
17758,Germany
17759,France
17760,United Kingdom
17761,Germany
17762,Germany
17763,United Kingdom
17764,Germany
17765,Germany
17766,France
17767,France
17768,Germany
17769,Germany
17770,France
17771,France
17772,United Kingdom
17773,France
17774,Germany
17775,France
17776,United Kingdom
17777,Germany
17778,France
17779,France
17780,France
17781,Germany
17782,United Kingdom
17783,Germany
17784,Germany
17785,United Kingdom
17786,United Kingdom
17787,France
17788,Germany
17789,Germany
17790,United Kingdom
17791,Germany
17792,United Kingdom
17793,United Kingdom
17794,United Kingdom
17795,United Kingdom
17796,Germany
17797,Germany
17798,United Kingdom
17799,Germany
17800,France
17801,France
17802,Germany
17803,United Kingdom
17804,Germany
17805,France
17806,Germany
17807,United Kingdom
17808,United Kingdom
17809,France
17810,United Kingdom
17811,Germany
17812,United Kingdom
17813,United Kingdom
17814,United Kingdom
17815,United Kingdom
17816,France
17817,Germany
17818,Germany
17819,United Kingdom
17820,United Kingdom
17821,United Kingdom
17822,France
17823,France
17824,Germany
17825,Germany
17826,France
17827,France
17828,United Kingdom
17829,United Kingdom
17830,France
17831,France
17832,Germany
17833,Germany
17834,France
17835,United Kingdom
17836,France
17837,Germany
17838,United Kingdom
17839,United Kingdom
17840,United Kingdom
17841,United Kingdom
17842,France
17843,France
17844,United Kingdom
17845,Germany
17846,France
17847,Germany
17848,Germany
17849,United Kingdom
17850,France
17851,Germany
17852,Germany
17853,Germany
17854,Germany
17855,United Kingdom
17856,Germany
17857,Germany
17858,Canada
17859,USA
17860,USA
17861,Canada
17862,USA
17863,USA
17864,USA
17865,Canada
17866,USA
17867,Canada
17868,USA
17869,USA
17870,USA
17871,USA
17872,USA
17873,Germany
17874,France
17875,Germany
17876,Germany
17877,Germany
17878,France
17879,United Kingdom
17880,United Kingdom
17881,United Kingdom
17882,United Kingdom
17883,France
17884,United Kingdom
17885,France
17886,United Kingdom
17887,United Kingdom
17888,United Kingdom
17889,United Kingdom
17890,United Kingdom
17891,France
17892,United Kingdom
17893,Germany
17894,France
17895,United Kingdom
17896,United Kingdom
17897,France
17898,Germany
17899,France
17900,France
17901,Germany
17902,Germany
17903,United Kingdom
17904,Australia
17905,Australia
17906,Australia
17907,Australia
17908,Australia
17909,Australia
17910,Australia
17911,Australia
17912,Australia
17913,Australia
17914,Australia
17915,Australia
17916,Australia
17917,Australia
17918,Australia
17919,Australia
17920,Australia
17921,Australia
17922,Australia
17923,Australia
17924,Australia
17925,Australia
17926,Australia
17927,Australia
17928,Germany
17929,Germany
17930,France
17931,France
17932,France
17933,United Kingdom
17934,Germany
17935,Germany
17936,United Kingdom
17937,United Kingdom
17938,France
17939,France
17940,Germany
17941,Germany
17942,Germany
17943,United Kingdom
17944,France
17945,Germany
17946,Germany
17947,Germany
17948,United Kingdom
17949,France
17950,France
17951,United Kingdom
17952,Germany
17953,France
17954,France
17955,Germany
17956,France
17957,France
17958,United Kingdom
17959,United Kingdom
17960,United Kingdom
17961,United Kingdom
17962,United Kingdom
17963,Germany
17964,Germany
17965,United Kingdom
17966,United Kingdom
17967,United Kingdom
17968,United Kingdom
17969,United Kingdom
17970,Germany
17971,France
17972,United Kingdom
17973,France
17974,United Kingdom
17975,France
17976,Germany
17977,United Kingdom
17978,United Kingdom
17979,United Kingdom
17980,Germany
17981,United Kingdom
17982,France
17983,Germany
17984,Germany
17985,Germany
17986,Germany
17987,France
17988,France
17989,Germany
17990,United Kingdom
17991,United Kingdom
17992,Germany
17993,Germany
17994,Germany
17995,Germany
17996,France
17997,France
17998,Germany
17999,France
18000,United Kingdom
18001,Germany
18002,Germany
18003,Germany
18004,France
18005,Germany
18006,Germany
18007,United Kingdom
18008,France
18009,France
18010,France
18011,France
18012,United Kingdom
18013,United Kingdom
18014,France
18015,France
18016,France
18017,Germany
18018,France
18019,Germany
18020,Germany
18021,United Kingdom
18022,Germany
18023,Germany
18024,United Kingdom
18025,France
18026,United Kingdom
18027,Germany
18028,United Kingdom
18029,Germany
18030,United Kingdom
18031,Germany
18032,France
18033,Germany
18034,Germany
18035,Germany
18036,Germany
18037,United Kingdom
18038,France
18039,France
18040,France
18041,United Kingdom
18042,United Kingdom
18043,France
18044,United Kingdom
18045,Germany
18046,France
18047,Germany
18048,United Kingdom
18049,USA
18050,USA
18051,Canada
18052,USA
18053,USA
18054,Canada
18055,Canada
18056,USA
18057,USA
18058,USA
18059,USA
18060,USA
18061,USA
18062,USA
18063,USA
18064,USA
18065,Canada
18066,USA
18067,USA
18068,USA
18069,USA
18070,USA
18071,USA
18072,USA
18073,USA
18074,USA
18075,USA
18076,USA
18077,Canada
18078,Canada
18079,USA
18080,USA
18081,Canada
18082,USA
18083,USA
18084,USA
18085,USA
18086,USA
18087,USA
18088,USA
18089,Canada
18090,Canada
18091,Canada
18092,Canada
18093,USA
18094,USA
18095,USA
18096,USA
18097,USA
18098,USA
18099,USA
18100,USA
18101,USA
18102,USA
18103,Canada
18104,USA
18105,USA
18106,USA
18107,USA
18108,USA
18109,USA
18110,USA
18111,USA
18112,USA
18113,USA
18114,USA
18115,USA
18116,Canada
18117,USA
18118,Canada
18119,USA
18120,USA
18121,USA
18122,Canada
18123,USA
18124,Germany
18125,Germany
18126,United Kingdom
18127,United Kingdom
18128,France
18129,France
18130,Germany
18131,France
18132,France
18133,Germany
18134,Germany
18135,United Kingdom
18136,United Kingdom
18137,France
18138,France
18139,Germany
18140,Germany
18141,United Kingdom
18142,France
18143,France
18144,France
18145,Germany
18146,Germany
18147,United Kingdom
18148,France
18149,United Kingdom
18150,France
18151,France
18152,France
18153,Germany
18154,Germany
18155,United Kingdom
18156,United Kingdom
18157,Germany
18158,United Kingdom
18159,France
18160,United Kingdom
18161,France
18162,France
18163,France
18164,Germany
18165,United Kingdom
18166,United Kingdom
18167,Germany
18168,United Kingdom
18169,Germany
18170,Germany
18171,Germany
18172,United Kingdom
18173,United Kingdom
18174,France
18175,France
18176,Germany
18177,United Kingdom
18178,United Kingdom
18179,France
18180,Germany
18181,United Kingdom
18182,Germany
18183,Germany
18184,France
18185,Germany
18186,United Kingdom
18187,United Kingdom
18188,Australia
18189,Australia
18190,Australia
18191,Australia
18192,Australia
18193,Australia
18194,Australia
18195,Australia
18196,Australia
18197,Australia
18198,Australia
18199,Australia
18200,Australia
18201,Australia
18202,Australia
18203,Australia
18204,Australia
18205,Australia
18206,Australia
18207,Australia
18208,Australia
18209,Australia
18210,Australia
18211,Australia
18212,Australia
18213,Australia
18214,Australia
18215,Australia
18216,Australia
18217,Australia
18218,Australia
18219,Australia
18220,Australia
18221,Australia
18222,Australia
18223,USA
18224,USA
18225,USA
18226,USA
18227,USA
18228,USA
18229,USA
18230,USA
18231,USA
18232,USA
18233,USA
18234,USA
18235,USA
18236,Canada
18237,Canada
18238,Australia
18239,Australia
18240,Australia
18241,Australia
18242,Australia
18243,Australia
18244,Australia
18245,Australia
18246,Australia
18247,Australia
18248,Australia
18249,Australia
18250,Australia
18251,Australia
18252,Australia
18253,Australia
18254,Australia
18255,Australia
18256,Australia
18257,Australia
18258,Australia
18259,Australia
18260,Australia
18261,Australia
18262,Australia
18263,Australia
18264,Australia
18265,Australia
18266,Australia
18267,Australia
18268,Australia
18269,Australia
18270,Australia
18271,Australia
18272,Australia
18273,Australia
18274,Australia
18275,Australia
18276,Australia
18277,Australia
18278,Australia
18279,Australia
18280,Australia
18281,Australia
18282,Australia
18283,Australia
18284,Australia
18285,Australia
18286,Australia
18287,Australia
18288,Australia
18289,Australia
18290,Australia
18291,Australia
18292,Australia
18293,Australia
18294,Australia
18295,Australia
18296,Australia
18297,Australia
18298,Australia
18299,Australia
18300,Australia
18301,Australia
18302,Australia
18303,Australia
18304,Australia
18305,Australia
18306,Australia
18307,Australia
18308,Australia
18309,Australia
18310,Australia
18311,USA
18312,USA
18313,USA
18314,Canada
18315,USA
18316,USA
18317,Canada
18318,USA
18319,Australia
18320,Canada
18321,USA
18322,Canada
18323,USA
18324,Canada
18325,Australia
18326,Australia
18327,USA
18328,USA
18329,Canada
18330,Australia
18331,Australia
18332,Australia
18333,Australia
18334,Australia
18335,Australia
18336,Australia
18337,Australia
18338,Australia
18339,USA
18340,USA
18341,USA
18342,USA
18343,USA
18344,USA
18345,Canada
18346,USA
18347,USA
18348,USA
18349,USA
18350,USA
18351,USA
18352,USA
18353,USA
18354,USA
18355,Canada
18356,Canada
18357,USA
18358,USA
18359,USA
18360,USA
18361,USA
18362,Canada
18363,Canada
18364,USA
18365,USA
18366,USA
18367,Australia
18368,Canada
18369,USA
18370,USA
18371,USA
18372,Canada
18373,USA
18374,USA
18375,USA
18376,USA
18377,Canada
18378,USA
18379,Canada
18380,USA
18381,USA
18382,Canada
18383,USA
18384,USA
18385,USA
18386,USA
18387,USA
18388,USA
18389,Canada
18390,Canada
18391,Canada
18392,Canada
18393,USA
18394,USA
18395,USA
18396,USA
18397,USA
18398,USA
18399,USA
18400,USA
18401,Canada
18402,USA
18403,USA
18404,USA
18405,USA
18406,USA
18407,Canada
18408,USA
18409,USA
18410,USA
18411,Canada
18412,USA
18413,USA
18414,USA
18415,USA
18416,USA
18417,USA
18418,USA
18419,USA
18420,USA
18421,USA
18422,USA
18423,USA
18424,USA
18425,USA
18426,USA
18427,USA
18428,USA
18429,USA
18430,USA
18431,USA
18432,USA
18433,Canada
18434,USA
18435,USA
18436,USA
18437,USA
18438,USA
18439,USA
18440,USA
18441,USA
18442,USA
18443,Australia
18444,Australia
18445,Australia
18446,Australia
18447,Australia
18448,USA
18449,Canada
18450,Australia
18451,Australia
18452,Australia
18453,USA
18454,USA
18455,USA
18456,USA
18457,Australia
18458,Australia
18459,USA
18460,USA
18461,Australia
18462,Australia
18463,Australia
18464,Australia
18465,Australia
18466,Australia
18467,Australia
18468,Australia
18469,Australia
18470,Australia
18471,USA
18472,USA
18473,USA
18474,USA
18475,USA
18476,USA
18477,USA
18478,USA
18479,USA
18480,USA
18481,USA
18482,Australia
18483,Australia
18484,Australia
18485,Australia
18486,Australia
18487,Australia
18488,Australia
18489,Australia
18490,Australia
18491,Australia
18492,Australia
18493,Australia
18494,Australia
18495,Australia
18496,Australia
18497,USA
18498,USA
18499,USA
18500,USA
18501,USA
18502,USA
18503,USA
18504,USA
18505,USA
18506,Canada
18507,USA
18508,USA
18509,USA
18510,USA
18511,USA
18512,USA
18513,USA
18514,USA
18515,USA
18516,USA
18517,USA
18518,USA
18519,USA
18520,USA
18521,USA
18522,USA
18523,Canada
18524,Canada
18525,Canada
18526,USA
18527,USA
18528,USA
18529,USA
18530,USA
18531,USA
18532,USA
18533,USA
18534,USA
18535,Canada
18536,USA
18537,USA
18538,USA
18539,USA
18540,USA
18541,Canada
18542,USA
18543,USA
18544,Canada
18545,USA
18546,USA
18547,USA
18548,USA
18549,Canada
18550,USA
18551,USA
18552,USA
18553,USA
18554,Canada
18555,USA
18556,USA
18557,Canada
18558,USA
18559,USA
18560,USA
18561,USA
18562,USA
18563,USA
18564,USA
18565,USA
18566,USA
18567,USA
18568,USA
18569,USA
18570,Canada
18571,Canada
18572,USA
18573,Canada
18574,USA
18575,USA
18576,USA
18577,USA
18578,USA
18579,USA
18580,Canada
18581,USA
18582,USA
18583,USA
18584,USA
18585,USA
18586,USA
18587,USA
18588,USA
18589,USA
18590,USA
18591,USA
18592,USA
18593,USA
18594,USA
18595,Canada
18596,USA
18597,USA
18598,USA
18599,USA
18600,Canada
18601,USA
18602,USA
18603,Canada
18604,Canada
18605,USA
18606,USA
18607,USA
18608,USA
18609,USA
18610,USA
18611,USA
18612,USA
18613,USA
18614,USA
18615,USA
18616,USA
18617,Canada
18618,France
18619,Germany
18620,United Kingdom
18621,United Kingdom
18622,United Kingdom
18623,France
18624,France
18625,United Kingdom
18626,Germany
18627,United Kingdom
18628,France
18629,United Kingdom
18630,France
18631,United Kingdom
18632,United Kingdom
18633,United Kingdom
18634,France
18635,Germany
18636,Germany
18637,Canada
18638,USA
18639,USA
18640,USA
18641,Canada
18642,Canada
18643,USA
18644,Canada
18645,USA
18646,USA
18647,USA
18648,USA
18649,USA
18650,USA
18651,USA
18652,USA
18653,USA
18654,USA
18655,USA
18656,USA
18657,USA
18658,USA
18659,USA
18660,USA
18661,USA
18662,USA
18663,USA
18664,USA
18665,USA
18666,USA
18667,USA
18668,USA
18669,USA
18670,USA
18671,USA
18672,USA
18673,USA
18674,Canada
18675,USA
18676,USA
18677,Canada
18678,USA
18679,USA
18680,USA
18681,USA
18682,USA
18683,USA
18684,USA
18685,Canada
18686,Canada
18687,USA
18688,USA
18689,USA
18690,USA
18691,Australia
18692,Australia
18693,Australia
18694,Australia
18695,Australia
18696,Australia
18697,Australia
18698,Australia
18699,Australia
18700,Australia
18701,Australia
18702,Australia
18703,Australia
18704,Australia
18705,Australia
18706,Australia
18707,Australia
18708,Australia
18709,Australia
18710,Australia
18711,Australia
18712,Australia
18713,Australia
18714,Australia
18715,Australia
18716,Australia
18717,Australia
18718,Australia
18719,Australia
18720,Australia
18721,Australia
18722,Australia
18723,Australia
18724,Australia
18725,Australia
18726,Australia
18727,Australia
18728,Australia
18729,Australia
18730,Australia
18731,Australia
18732,Australia
18733,Australia
18734,Australia
18735,Australia
18736,Australia
18737,Australia
18738,Australia
18739,Australia
18740,Australia
18741,Australia
18742,Australia
18743,Australia
18744,Australia
18745,Australia
18746,Australia
18747,Australia
18748,Australia
18749,Canada
18750,USA
18751,USA
18752,USA
18753,USA
18754,USA
18755,Canada
18756,Canada
18757,USA
18758,Canada
18759,Canada
18760,USA
18761,USA
18762,USA
18763,Australia
18764,USA
18765,USA
18766,Australia
18767,Australia
18768,Australia
18769,Australia
18770,USA
18771,USA
18772,USA
18773,USA
18774,USA
18775,USA
18776,USA
18777,USA
18778,USA
18779,USA
18780,USA
18781,USA
18782,USA
18783,USA
18784,USA
18785,Canada
18786,USA
18787,USA
18788,Canada
18789,USA
18790,USA
18791,USA
18792,USA
18793,Australia
18794,USA
18795,Canada
18796,Australia
18797,USA
18798,USA
18799,USA
18800,USA
18801,USA
18802,USA
18803,USA
18804,USA
18805,USA
18806,USA
18807,USA
18808,USA
18809,USA
18810,USA
18811,Canada
18812,Canada
18813,USA
18814,USA
18815,USA
18816,USA
18817,USA
18818,USA
18819,USA
18820,USA
18821,Canada
18822,USA
18823,USA
18824,USA
18825,USA
18826,Canada
18827,USA
18828,USA
18829,USA
18830,USA
18831,USA
18832,USA
18833,USA
18834,USA
18835,USA
18836,USA
18837,USA
18838,USA
18839,Canada
18840,USA
18841,Canada
18842,Canada
18843,USA
18844,USA
18845,USA
18846,USA
18847,USA
18848,USA
18849,USA
18850,USA
18851,USA
18852,Canada
18853,USA
18854,USA
18855,Canada
18856,USA
18857,USA
18858,USA
18859,Canada
18860,USA
18861,USA
18862,USA
18863,USA
18864,USA
18865,USA
18866,USA
18867,USA
18868,USA
18869,USA
18870,USA
18871,Canada
18872,USA
18873,USA
18874,USA
18875,Canada
18876,USA
18877,USA
18878,USA
18879,USA
18880,USA
18881,USA
18882,Canada
18883,Canada
18884,Canada
18885,Australia
18886,USA
18887,USA
18888,USA
18889,USA
18890,USA
18891,USA
18892,USA
18893,USA
18894,USA
18895,Australia
18896,Australia
18897,Australia
18898,Australia
18899,Australia
18900,Australia
18901,Australia
18902,Australia
18903,Australia
18904,USA
18905,USA
18906,Australia
18907,Australia
18908,Australia
18909,Australia
18910,USA
18911,USA
18912,USA
18913,USA
18914,USA
18915,USA
18916,USA
18917,USA
18918,USA
18919,Canada
18920,USA
18921,USA
18922,Canada
18923,USA
18924,USA
18925,Canada
18926,Canada
18927,Canada
18928,Australia
18929,Australia
18930,Australia
18931,Australia
18932,Australia
18933,USA
18934,USA
18935,USA
18936,USA
18937,USA
18938,USA
18939,USA
18940,USA
18941,USA
18942,USA
18943,USA
18944,Canada
18945,USA
18946,USA
18947,USA
18948,USA
18949,USA
18950,Canada
18951,Canada
18952,USA
18953,USA
18954,USA
18955,USA
18956,USA
18957,USA
18958,USA
18959,Canada
18960,USA
18961,Canada
18962,USA
18963,USA
18964,USA
18965,USA
18966,USA
18967,USA
18968,Canada
18969,USA
18970,USA
18971,Canada
18972,Canada
18973,USA
18974,USA
18975,USA
18976,USA
18977,USA
18978,Canada
18979,USA
18980,USA
18981,USA
18982,USA
18983,USA
18984,USA
18985,USA
18986,Canada
18987,USA
18988,USA
18989,USA
18990,USA
18991,USA
18992,USA
18993,USA
18994,USA
18995,USA
18996,USA
18997,USA
18998,USA
18999,USA
19000,Canada
19001,Canada
19002,USA
19003,USA
19004,USA
19005,USA
19006,USA
19007,USA
19008,USA
19009,USA
19010,USA
19011,USA
19012,USA
19013,USA
19014,Canada
19015,Canada
19016,USA
19017,USA
19018,USA
19019,USA
19020,USA
19021,USA
19022,USA
19023,USA
19024,USA
19025,USA
19026,Canada
19027,France
19028,France
19029,Germany
19030,Germany
19031,United Kingdom
19032,United Kingdom
19033,France
19034,Germany
19035,Germany
19036,United Kingdom
19037,United Kingdom
19038,Germany
19039,France
19040,Germany
19041,France
19042,Germany
19043,Germany
19044,United Kingdom
19045,France
19046,Germany
19047,United Kingdom
19048,United Kingdom
19049,United Kingdom
19050,United Kingdom
19051,France
19052,France
19053,Germany
19054,United Kingdom
19055,United Kingdom
19056,France
19057,Germany
19058,United Kingdom
19059,United Kingdom
19060,United Kingdom
19061,France
19062,France
19063,France
19064,Germany
19065,Germany
19066,United Kingdom
19067,Germany
19068,Germany
19069,France
19070,United Kingdom
19071,United Kingdom
19072,United Kingdom
19073,United Kingdom
19074,France
19075,France
19076,France
19077,United Kingdom
19078,France
19079,France
19080,France
19081,Germany
19082,United Kingdom
19083,Australia
19084,Australia
19085,Australia
19086,Australia
19087,Australia
19088,Australia
19089,Australia
19090,Australia
19091,Australia
19092,Australia
19093,Australia
19094,Australia
19095,Australia
19096,Australia
19097,Australia
19098,Australia
19099,Australia
19100,Australia
19101,Australia
19102,Australia
19103,Australia
19104,Australia
19105,Australia
19106,Australia
19107,USA
19108,USA
19109,USA
19110,USA
19111,USA
19112,USA
19113,Canada
19114,USA
19115,USA
19116,Canada
19117,USA
19118,Canada
19119,USA
19120,USA
19121,USA
19122,USA
19123,Canada
19124,USA
19125,USA
19126,USA
19127,USA
19128,USA
19129,USA
19130,USA
19131,USA
19132,USA
19133,USA
19134,USA
19135,USA
19136,USA
19137,USA
19138,USA
19139,USA
19140,USA
19141,USA
19142,USA
19143,USA
19144,USA
19145,USA
19146,USA
19147,Canada
19148,USA
19149,USA
19150,Canada
19151,USA
19152,USA
19153,USA
19154,USA
19155,USA
19156,USA
19157,USA
19158,USA
19159,USA
19160,USA
19161,USA
19162,USA
19163,USA
19164,USA
19165,USA
19166,USA
19167,USA
19168,USA
19169,USA
19170,USA
19171,USA
19172,United Kingdom
19173,United Kingdom
19174,France
19175,United Kingdom
19176,Germany
19177,Germany
19178,Germany
19179,France
19180,France
19181,France
19182,France
19183,France
19184,United Kingdom
19185,France
19186,United Kingdom
19187,United Kingdom
19188,Germany
19189,France
19190,United Kingdom
19191,Germany
19192,United Kingdom
19193,United Kingdom
19194,France
19195,United Kingdom
19196,Germany
19197,Germany
19198,USA
19199,USA
19200,Canada
19201,USA
19202,USA
19203,USA
19204,USA
19205,Canada
19206,USA
19207,Canada
19208,USA
19209,USA
19210,USA
19211,USA
19212,USA
19213,USA
19214,USA
19215,USA
19216,USA
19217,Canada
19218,USA
19219,USA
19220,Canada
19221,USA
19222,USA
19223,Canada
19224,Canada
19225,USA
19226,USA
19227,USA
19228,USA
19229,USA
19230,USA
19231,USA
19232,Canada
19233,USA
19234,USA
19235,USA
19236,USA
19237,USA
19238,USA
19239,USA
19240,USA
19241,USA
19242,USA
19243,USA
19244,USA
19245,USA
19246,USA
19247,United Kingdom
19248,Germany
19249,Germany
19250,Germany
19251,Germany
19252,France
19253,United Kingdom
19254,Germany
19255,France
19256,France
19257,Germany
19258,United Kingdom
19259,Germany
19260,United Kingdom
19261,United Kingdom
19262,United Kingdom
19263,United Kingdom
19264,Australia
19265,Australia
19266,Australia
19267,Australia
19268,Australia
19269,Australia
19270,Australia
19271,Australia
19272,France
19273,France
19274,Germany
19275,France
19276,France
19277,France
19278,United Kingdom
19279,United Kingdom
19280,France
19281,France
19282,France
19283,Germany
19284,Germany
19285,Germany
19286,Germany
19287,France
19288,Germany
19289,Germany
19290,United Kingdom
19291,United Kingdom
19292,France
19293,France
19294,Germany
19295,France
19296,France
19297,France
19298,Germany
19299,United Kingdom
19300,Germany
19301,United Kingdom
19302,United Kingdom
19303,France
19304,Germany
19305,United Kingdom
19306,France
19307,United Kingdom
19308,United Kingdom
19309,France
19310,France
19311,Germany
19312,United Kingdom
19313,France
19314,Germany
19315,France
19316,Germany
19317,France
19318,France
19319,France
19320,France
19321,Germany
19322,United Kingdom
19323,France
19324,France
19325,Germany
19326,France
19327,France
19328,United Kingdom
19329,Germany
19330,Germany
19331,Germany
19332,Germany
19333,Germany
19334,United Kingdom
19335,France
19336,France
19337,United Kingdom
19338,France
19339,Germany
19340,Germany
19341,United Kingdom
19342,United Kingdom
19343,France
19344,Germany
19345,Germany
19346,United Kingdom
19347,United Kingdom
19348,United Kingdom
19349,Germany
19350,United Kingdom
19351,France
19352,France
19353,Germany
19354,Germany
19355,United Kingdom
19356,Germany
19357,Germany
19358,France
19359,United Kingdom
19360,United Kingdom
19361,United Kingdom
19362,United Kingdom
19363,France
19364,Germany
19365,Germany
19366,France
19367,France
19368,Germany
19369,United Kingdom
19370,France
19371,Germany
19372,France
19373,Germany
19374,France
19375,Germany
19376,France
19377,Germany
19378,United Kingdom
19379,United Kingdom
19380,France
19381,France
19382,United Kingdom
19383,Germany
19384,Germany
19385,Germany
19386,France
19387,Germany
19388,Germany
19389,United Kingdom
19390,France
19391,Germany
19392,United Kingdom
19393,USA
19394,Canada
19395,USA
19396,USA
19397,USA
19398,USA
19399,Canada
19400,Canada
19401,USA
19402,USA
19403,USA
19404,USA
19405,USA
19406,USA
19407,USA
19408,USA
19409,USA
19410,USA
19411,Canada
19412,USA
19413,USA
19414,Canada
19415,Germany
19416,United Kingdom
19417,Germany
19418,United Kingdom
19419,France
19420,Germany
19421,France
19422,Germany
19423,France
19424,United Kingdom
19425,United Kingdom
19426,France
19427,France
19428,Germany
19429,Germany
19430,United Kingdom
19431,France
19432,Germany
19433,United Kingdom
19434,France
19435,United Kingdom
19436,France
19437,United Kingdom
19438,Germany
19439,Germany
19440,United Kingdom
19441,France
19442,France
19443,Germany
19444,France
19445,United Kingdom
19446,France
19447,France
19448,United Kingdom
19449,Germany
19450,Germany
19451,Germany
19452,France
19453,Germany
19454,Germany
19455,United Kingdom
19456,Germany
19457,United Kingdom
19458,France
19459,United Kingdom
19460,France
19461,United Kingdom
19462,France
19463,France
19464,France
19465,France
19466,United Kingdom
19467,United Kingdom
19468,France
19469,France
19470,United Kingdom
19471,United Kingdom
19472,Germany
19473,France
19474,France
19475,France
19476,Germany
19477,United Kingdom
19478,United Kingdom
19479,United Kingdom
19480,France
19481,France
19482,Germany
19483,United Kingdom
19484,France
19485,France
19486,United Kingdom
19487,France
19488,France
19489,France
19490,France
19491,France
19492,France
19493,United Kingdom
19494,France
19495,France
19496,Germany
19497,United Kingdom
19498,United Kingdom
19499,United Kingdom
19500,United Kingdom
19501,Germany
19502,United Kingdom
19503,France
19504,France
19505,United Kingdom
19506,United Kingdom
19507,France
19508,France
19509,Germany
19510,United Kingdom
19511,United Kingdom
19512,United Kingdom
19513,United Kingdom
19514,Germany
19515,France
19516,France
19517,France
19518,Germany
19519,France
19520,United Kingdom
19521,France
19522,United Kingdom
19523,United Kingdom
19524,France
19525,Canada
19526,Canada
19527,Canada
19528,USA
19529,USA
19530,USA
19531,USA
19532,USA
19533,USA
19534,USA
19535,USA
19536,Canada
19537,USA
19538,USA
19539,USA
19540,USA
19541,Canada
19542,USA
19543,USA
19544,USA
19545,USA
19546,Canada
19547,USA
19548,USA
19549,USA
19550,USA
19551,USA
19552,USA
19553,Canada
19554,Canada
19555,Australia
19556,Australia
19557,Australia
19558,Australia
19559,Australia
19560,Australia
19561,Australia
19562,Australia
19563,Australia
19564,Australia
19565,Australia
19566,Australia
19567,Australia
19568,Australia
19569,Australia
19570,Australia
19571,Australia
19572,Australia
19573,Australia
19574,Australia
19575,Australia
19576,Australia
19577,Australia
19578,Australia
19579,Australia
19580,Australia
19581,Australia
19582,Australia
19583,Australia
19584,Australia
19585,Australia
19586,Australia
19587,Australia
19588,Australia
19589,Australia
19590,Australia
19591,Australia
19592,Australia
19593,Australia
19594,Australia
19595,Australia
19596,Australia
19597,Australia
19598,Australia
19599,Australia
19600,Australia
19601,Australia
19602,Australia
19603,Australia
19604,Australia
19605,Australia
19606,Australia
19607,Australia
19608,Australia
19609,Australia
19610,Australia
19611,Australia
19612,Australia
19613,Australia
19614,Australia
19615,Australia
19616,Australia
19617,Australia
19618,Australia
19619,Australia
19620,Australia
19621,Australia
19622,Australia
19623,Australia
19624,Australia
19625,Australia
19626,Australia
19627,Australia
19628,Australia
19629,Australia
19630,Australia
19631,Australia
19632,Australia
19633,USA
19634,USA
19635,USA
19636,USA
19637,USA
19638,USA
19639,USA
19640,Canada
19641,USA
19642,Canada
19643,USA
19644,USA
19645,Canada
19646,Canada
19647,Canada
19648,Canada
19649,USA
19650,Australia
19651,Australia
19652,Australia
19653,Australia
19654,USA
19655,USA
19656,USA
19657,USA
19658,USA
19659,USA
19660,USA
19661,Canada
19662,Canada
19663,USA
19664,USA
19665,USA
19666,Australia
19667,Australia
19668,USA
19669,USA
19670,USA
19671,USA
19672,Australia
19673,Australia
19674,Australia
19675,Australia
19676,Australia
19677,Australia
19678,USA
19679,USA
19680,USA
19681,Canada
19682,USA
19683,USA
19684,USA
19685,USA
19686,USA
19687,USA
19688,USA
19689,USA
19690,USA
19691,USA
19692,USA
19693,Canada
19694,USA
19695,USA
19696,USA
19697,USA
19698,USA
19699,USA
19700,USA
19701,USA
19702,USA
19703,USA
19704,Canada
19705,Canada
19706,USA
19707,USA
19708,USA
19709,Canada
19710,Canada
19711,USA
19712,USA
19713,USA
19714,USA
19715,USA
19716,USA
19717,USA
19718,USA
19719,USA
19720,USA
19721,USA
19722,USA
19723,USA
19724,USA
19725,USA
19726,Canada
19727,USA
19728,USA
19729,Canada
19730,USA
19731,USA
19732,USA
19733,USA
19734,USA
19735,USA
19736,USA
19737,USA
19738,USA
19739,USA
19740,USA
19741,USA
19742,USA
19743,USA
19744,USA
19745,USA
19746,Canada
19747,USA
19748,Australia
19749,USA
19750,Canada
19751,Canada
19752,Australia
19753,Australia
19754,USA
19755,USA
19756,USA
19757,Canada
19758,USA
19759,USA
19760,USA
19761,Australia
19762,Australia
19763,Australia
19764,Australia
19765,Australia
19766,Australia
19767,USA
19768,USA
19769,USA
19770,Australia
19771,Australia
19772,Australia
19773,Australia
19774,USA
19775,USA
19776,USA
19777,USA
19778,USA
19779,USA
19780,USA
19781,Canada
19782,Australia
19783,Australia
19784,Australia
19785,Australia
19786,Australia
19787,Australia
19788,Australia
19789,Australia
19790,Australia
19791,Australia
19792,Australia
19793,Australia
19794,Australia
19795,Australia
19796,Australia
19797,Australia
19798,Australia
19799,USA
19800,USA
19801,Canada
19802,Canada
19803,USA
19804,USA
19805,USA
19806,USA
19807,Australia
19808,USA
19809,USA
19810,USA
19811,USA
19812,USA
19813,USA
19814,USA
19815,USA
19816,USA
19817,Canada
19818,USA
19819,USA
19820,USA
19821,USA
19822,Canada
19823,Canada
19824,USA
19825,USA
19826,Canada
19827,Canada
19828,Canada
19829,Canada
19830,Canada
19831,USA
19832,USA
19833,USA
19834,USA
19835,USA
19836,Canada
19837,USA
19838,USA
19839,Canada
19840,USA
19841,USA
19842,USA
19843,USA
19844,Canada
19845,USA
19846,USA
19847,Canada
19848,USA
19849,USA
19850,USA
19851,USA
19852,USA
19853,USA
19854,USA
19855,Canada
19856,USA
19857,USA
19858,USA
19859,USA
19860,USA
19861,USA
19862,Canada
19863,USA
19864,USA
19865,USA
19866,USA
19867,USA
19868,USA
19869,USA
19870,Canada
19871,USA
19872,Canada
19873,Canada
19874,Canada
19875,USA
19876,USA
19877,USA
19878,USA
19879,USA
19880,USA
19881,USA
19882,USA
19883,USA
19884,Canada
19885,USA
19886,USA
19887,USA
19888,USA
19889,USA
19890,USA
19891,USA
19892,USA
19893,USA
19894,USA
19895,USA
19896,USA
19897,USA
19898,Germany
19899,France
19900,Germany
19901,Germany
19902,France
19903,France
19904,Germany
19905,United Kingdom
19906,United Kingdom
19907,France
19908,France
19909,Germany
19910,Germany
19911,United Kingdom
19912,United Kingdom
19913,France
19914,France
19915,Germany
19916,United Kingdom
19917,United Kingdom
19918,United Kingdom
19919,United Kingdom
19920,France
19921,Germany
19922,France
19923,France
19924,Germany
19925,Germany
19926,United Kingdom
19927,United Kingdom
19928,United Kingdom
19929,France
19930,Germany
19931,Germany
19932,France
19933,United Kingdom
19934,Germany
19935,Germany
19936,Germany
19937,Germany
19938,United Kingdom
19939,United Kingdom
19940,United Kingdom
19941,United Kingdom
19942,United Kingdom
19943,France
19944,Germany
19945,France
19946,United Kingdom
19947,Australia
19948,Australia
19949,Australia
19950,Australia
19951,Australia
19952,Australia
19953,Australia
19954,Australia
19955,Australia
19956,Australia
19957,Australia
19958,Australia
19959,Australia
19960,Australia
19961,Australia
19962,Australia
19963,Australia
19964,Australia
19965,Australia
19966,Australia
19967,Australia
19968,Australia
19969,Australia
19970,Australia
19971,Australia
19972,Australia
19973,Australia
19974,Australia
19975,Australia
19976,Australia
19977,Australia
19978,Australia
19979,Australia
19980,USA
19981,USA
19982,USA
19983,USA
19984,USA
19985,USA
19986,USA
19987,Canada
19988,Canada
19989,Canada
19990,USA
19991,USA
19992,USA
19993,USA
19994,USA
19995,USA
19996,USA
19997,Canada
19998,USA
19999,USA
20000,Canada
20001,USA
20002,USA
20003,USA
20004,USA
20005,USA
20006,USA
20007,Canada
20008,USA
20009,USA
20010,USA
20011,USA
20012,USA
20013,USA
20014,USA
20015,USA
20016,USA
20017,USA
20018,USA
20019,USA
20020,USA
20021,Canada
20022,USA
20023,Canada
20024,USA
20025,USA
20026,USA
20027,USA
20028,USA
20029,USA
20030,USA
20031,USA
20032,USA
20033,USA
20034,Canada
20035,Canada
20036,USA
20037,USA
20038,USA
20039,USA
20040,USA
20041,France
20042,United Kingdom
20043,Germany
20044,France
20045,France
20046,France
20047,France
20048,United Kingdom
20049,United Kingdom
20050,France
20051,Germany
20052,United Kingdom
20053,United Kingdom
20054,United Kingdom
20055,United Kingdom
20056,Germany
20057,France
20058,United Kingdom
20059,France
20060,United Kingdom
20061,France
20062,Germany
20063,France
20064,Germany
20065,Germany
20066,USA
20067,USA
20068,USA
20069,USA
20070,Canada
20071,USA
20072,USA
20073,USA
20074,USA
20075,Canada
20076,USA
20077,USA
20078,USA
20079,USA
20080,USA
20081,USA
20082,Canada
20083,USA
20084,Canada
20085,Canada
20086,Canada
20087,Canada
20088,USA
20089,USA
20090,USA
20091,USA
20092,USA
20093,USA
20094,USA
20095,USA
20096,Canada
20097,USA
20098,USA
20099,USA
20100,USA
20101,USA
20102,USA
20103,Canada
20104,Canada
20105,USA
20106,Canada
20107,USA
20108,USA
20109,USA
20110,USA
20111,USA
20112,USA
20113,USA
20114,USA
20115,USA
20116,USA
20117,USA
20118,USA
20119,USA
20120,USA
20121,USA
20122,USA
20123,USA
20124,USA
20125,USA
20126,USA
20127,USA
20128,USA
20129,USA
20130,Canada
20131,France
20132,Germany
20133,United Kingdom
20134,United Kingdom
20135,Germany
20136,United Kingdom
20137,Germany
20138,Germany
20139,USA
20140,Germany
20141,France
20142,France
20143,Germany
20144,Germany
20145,France
20146,France
20147,United Kingdom
20148,France
20149,United Kingdom
20150,United Kingdom
20151,Australia
20152,Australia
20153,Australia
20154,Australia
20155,Australia
20156,Australia
20157,Australia
20158,Australia
20159,Australia
20160,Australia
20161,France
20162,Germany
20163,Germany
20164,United Kingdom
20165,United Kingdom
20166,Germany
20167,United Kingdom
20168,Germany
20169,Germany
20170,United Kingdom
20171,Germany
20172,United Kingdom
20173,United Kingdom
20174,Germany
20175,France
20176,Germany
20177,France
20178,France
20179,United Kingdom
20180,USA
20181,USA
20182,Canada
20183,USA
20184,USA
20185,USA
20186,Canada
20187,USA
20188,Canada
20189,Canada
20190,USA
20191,USA
20192,USA
20193,USA
20194,USA
20195,USA
20196,USA
20197,USA
20198,USA
20199,USA
20200,USA
20201,USA
20202,Canada
20203,USA
20204,USA
20205,USA
20206,Canada
20207,USA
20208,Canada
20209,Canada
20210,USA
20211,Australia
20212,Australia
20213,Australia
20214,Australia
20215,Australia
20216,Australia
20217,Australia
20218,Australia
20219,Australia
20220,Australia
20221,Australia
20222,Australia
20223,Australia
20224,Australia
20225,Australia
20226,Australia
20227,Australia
20228,Australia
20229,Australia
20230,Australia
20231,Australia
20232,Australia
20233,Australia
20234,Australia
20235,Australia
20236,Australia
20237,Australia
20238,Australia
20239,Australia
20240,Australia
20241,Australia
20242,Australia
20243,Australia
20244,Australia
20245,Australia
20246,Australia
20247,Australia
20248,Australia
20249,Australia
20250,Australia
20251,Australia
20252,Australia
20253,Australia
20254,Australia
20255,Australia
20256,Australia
20257,Australia
20258,Australia
20259,Australia
20260,Australia
20261,Australia
20262,Australia
20263,Australia
20264,Australia
20265,Australia
20266,Australia
20267,Australia
20268,Australia
20269,Australia
20270,USA
20271,USA
20272,USA
20273,Canada
20274,USA
20275,USA
20276,USA
20277,Australia
20278,USA
20279,USA
20280,Canada
20281,USA
20282,Australia
20283,Australia
20284,Australia
20285,USA
20286,USA
20287,USA
20288,USA
20289,USA
20290,USA
20291,USA
20292,USA
20293,USA
20294,USA
20295,USA
20296,USA
20297,USA
20298,USA
20299,Canada
20300,Canada
20301,USA
20302,USA
20303,USA
20304,USA
20305,USA
20306,USA
20307,USA
20308,USA
20309,Australia
20310,USA
20311,USA
20312,Canada
20313,USA
20314,Australia
20315,USA
20316,Australia
20317,Australia
20318,Canada
20319,USA
20320,USA
20321,USA
20322,USA
20323,USA
20324,USA
20325,USA
20326,USA
20327,USA
20328,USA
20329,USA
20330,Canada
20331,USA
20332,USA
20333,USA
20334,USA
20335,USA
20336,USA
20337,USA
20338,USA
20339,USA
20340,USA
20341,Canada
20342,USA
20343,USA
20344,USA
20345,USA
20346,USA
20347,USA
20348,USA
20349,USA
20350,Canada
20351,USA
20352,USA
20353,USA
20354,Canada
20355,USA
20356,USA
20357,USA
20358,USA
20359,USA
20360,USA
20361,USA
20362,USA
20363,USA
20364,USA
20365,USA
20366,USA
20367,USA
20368,USA
20369,USA
20370,USA
20371,USA
20372,USA
20373,Canada
20374,USA
20375,Canada
20376,USA
20377,USA
20378,USA
20379,USA
20380,Canada
20381,USA
20382,USA
20383,USA
20384,USA
20385,USA
20386,USA
20387,USA
20388,USA
20389,USA
20390,USA
20391,USA
20392,USA
20393,USA
20394,USA
20395,USA
20396,USA
20397,USA
20398,USA
20399,USA
20400,USA
20401,USA
20402,Australia
20403,Australia
20404,Australia
20405,USA
20406,Australia
20407,Australia
20408,USA
20409,USA
20410,USA
20411,USA
20412,USA
20413,USA
20414,USA
20415,Australia
20416,Australia
20417,Australia
20418,Australia
20419,Australia
20420,Australia
20421,USA
20422,USA
20423,Australia
20424,Australia
20425,Australia
20426,Australia
20427,Australia
20428,Australia
20429,Australia
20430,Australia
20431,USA
20432,USA
20433,USA
20434,USA
20435,USA
20436,USA
20437,USA
20438,USA
20439,USA
20440,USA
20441,Canada
20442,USA
20443,USA
20444,Australia
20445,Australia
20446,Australia
20447,Australia
20448,Australia
20449,USA
20450,Australia
20451,Australia
20452,Australia
20453,Australia
20454,Australia
20455,Australia
20456,Australia
20457,USA
20458,USA
20459,USA
20460,Australia
20461,USA
20462,USA
20463,USA
20464,USA
20465,USA
20466,USA
20467,USA
20468,Canada
20469,USA
20470,Canada
20471,USA
20472,USA
20473,USA
20474,USA
20475,USA
20476,USA
20477,USA
20478,Canada
20479,Canada
20480,USA
20481,USA
20482,USA
20483,Canada
20484,USA
20485,USA
20486,USA
20487,USA
20488,USA
20489,USA
20490,USA
20491,USA
20492,Canada
20493,USA
20494,USA
20495,USA
20496,USA
20497,USA
20498,Canada
20499,Canada
20500,Canada
20501,USA
20502,USA
20503,USA
20504,USA
20505,USA
20506,USA
20507,USA
20508,Canada
20509,USA
20510,USA
20511,USA
20512,USA
20513,USA
20514,USA
20515,USA
20516,USA
20517,Canada
20518,USA
20519,Canada
20520,USA
20521,USA
20522,USA
20523,USA
20524,USA
20525,Unknown
20526,Unknown
20527,Unknown
20528,Canada
20529,Unknown
20530,Unknown
20531,Unknown
20532,Unknown
20533,Unknown
20534,Unknown
20535,Unknown
20536,Unknown
20537,Unknown
20538,Unknown
20539,Unknown
20540,Unknown
20541,Unknown
20542,Unknown
20543,Unknown
20544,Unknown
20545,Unknown
20546,Canada
20547,Canada
20548,Germany
20549,Germany
20550,United Kingdom
20551,United Kingdom
20552,United Kingdom
20553,France
20554,Germany
20555,Germany
20556,Germany
20557,United Kingdom
20558,United Kingdom
20559,France
20560,Germany
20561,United Kingdom
20562,United Kingdom
20563,Germany
20564,United Kingdom
20565,United Kingdom
20566,United Kingdom
20567,United Kingdom
20568,France
20569,United Kingdom
20570,United Kingdom
20571,United Kingdom
20572,Germany
20573,France
20574,Germany
20575,United Kingdom
20576,United Kingdom
20577,United Kingdom
20578,France
20579,France
20580,France
20581,France
20582,France
20583,Germany
20584,Germany
20585,United Kingdom
20586,France
20587,France
20588,United Kingdom
20589,France
20590,Germany
20591,Germany
20592,United Kingdom
20593,France
20594,France
20595,France
20596,United Kingdom
20597,France
20598,Germany
20599,United Kingdom
20600,Australia
20601,Australia
20602,Australia
20603,Australia
20604,Australia
20605,Australia
20606,Australia
20607,Australia
20608,Australia
20609,Australia
20610,Australia
20611,Australia
20612,Australia
20613,Australia
20614,Australia
20615,Australia
20616,Australia
20617,Australia
20618,Australia
20619,Australia
20620,Australia
20621,Australia
20622,Australia
20623,Australia
20624,Australia
20625,Australia
20626,Australia
20627,Australia
20628,Australia
20629,Australia
20630,Australia
20631,Australia
20632,Canada
20633,Unknown
20634,Unknown
20635,Unknown
20636,Unknown
20637,Unknown
20638,Unknown
20639,Unknown
20640,Unknown
20641,Unknown
20642,Unknown
20643,Unknown
20644,Unknown
20645,Unknown
20646,Unknown
20647,Unknown
20648,Unknown
20649,Unknown
20650,Unknown
20651,Canada
20652,Unknown
20653,Unknown
20654,Unknown
20655,Unknown
20656,Canada
20657,Unknown
20658,Unknown
20659,Unknown
20660,Unknown
20661,Unknown
20662,Unknown
20663,Unknown
20664,Unknown
20665,Canada
20666,Unknown
20667,Unknown
20668,Unknown
20669,Canada
20670,Canada
20671,Unknown
20672,Unknown
20673,Unknown
20674,Unknown
20675,Unknown
20676,Unknown
20677,Unknown
20678,Unknown
20679,Canada
20680,Canada
20681,Unknown
20682,Unknown
20683,Unknown
20684,Unknown
20685,Unknown
20686,Unknown
20687,Unknown
20688,Unknown
20689,Unknown
20690,Unknown
20691,Canada
20692,Unknown
20693,Unknown
20694,Canada
20695,Unknown
20696,Unknown
20697,Unknown
20698,Unknown
20699,Unknown
20700,Unknown
20701,Unknown
20702,Unknown
20703,Unknown
20704,Unknown
20705,Unknown
20706,Unknown
20707,Unknown
20708,Canada
20709,Unknown
20710,United Kingdom
20711,United Kingdom
20712,United Kingdom
20713,United Kingdom
20714,United Kingdom
20715,Germany
20716,Germany
20717,United Kingdom
20718,United Kingdom
20719,Germany
20720,Germany
20721,United Kingdom
20722,Germany
20723,Germany
20724,United Kingdom
20725,United Kingdom
20726,Germany
20727,Germany
20728,France
20729,Germany
20730,United Kingdom
20731,Germany
20732,Unknown
20733,Unknown
20734,Canada
20735,Unknown
20736,Canada
20737,Unknown
20738,Unknown
20739,Unknown
20740,Canada
20741,Unknown
20742,Unknown
20743,Unknown
20744,Unknown
20745,Canada
20746,Canada
20747,Unknown
20748,Unknown
20749,Unknown
20750,Unknown
20751,Unknown
20752,Unknown
20753,Unknown
20754,Unknown
20755,Unknown
20756,Canada
20757,Unknown
20758,Unknown
20759,Unknown
20760,Canada
20761,Unknown
20762,Unknown
20763,Unknown
20764,Canada
20765,Unknown
20766,Unknown
20767,Unknown
20768,Unknown
20769,Unknown
20770,Unknown
20771,Canada
20772,Unknown
20773,Canada
20774,Unknown
20775,Unknown
20776,Unknown
20777,Unknown
20778,Unknown
20779,Unknown
20780,Unknown
20781,Canada
20782,Unknown
20783,Canada
20784,Unknown
20785,Unknown
20786,Unknown
20787,Unknown
20788,Unknown
20789,Unknown
20790,Unknown
20791,Unknown
20792,Canada
20793,France
20794,France
20795,France
20796,France
20797,France
20798,Germany
20799,Germany
20800,United Kingdom
20801,United Kingdom
20802,France
20803,France
20804,United Kingdom
20805,Germany
20806,United Kingdom
20807,United Kingdom
20808,Germany
20809,United Kingdom
20810,France
20811,United Kingdom
20812,Australia
20813,Australia
20814,Australia
20815,Australia
20816,Australia
20817,Australia
20818,Australia
20819,Australia
20820,Australia
20821,Australia
20822,Australia
20823,Australia
20824,United Kingdom
20825,United Kingdom
20826,France
20827,France
20828,Germany
20829,Germany
20830,Germany
20831,Germany
20832,United Kingdom
20833,Germany
20834,United Kingdom
20835,Germany
20836,Germany
20837,United Kingdom
20838,United Kingdom
20839,United Kingdom
20840,France
20841,Germany
20842,Germany
20843,Germany
20844,France
20845,Germany
20846,France
20847,Germany
20848,United Kingdom
20849,United Kingdom
20850,United Kingdom
20851,United Kingdom
20852,United Kingdom
20853,France
20854,Germany
20855,France
20856,United Kingdom
20857,France
20858,France
20859,United Kingdom
20860,Germany
20861,Germany
20862,United Kingdom
20863,United Kingdom
20864,United Kingdom
20865,Germany
20866,United Kingdom
20867,France
20868,United Kingdom
20869,United Kingdom
20870,Germany
20871,Germany
20872,United Kingdom
20873,Germany
20874,Germany
20875,United Kingdom
20876,Germany
20877,France
20878,France
20879,United Kingdom
20880,United Kingdom
20881,United Kingdom
20882,France
20883,France
20884,France
20885,United Kingdom
20886,United Kingdom
20887,France
20888,France
20889,United Kingdom
20890,United Kingdom
20891,France
20892,United Kingdom
20893,Germany
20894,France
20895,France
20896,Germany
20897,France
20898,Germany
20899,France
20900,United Kingdom
20901,France
20902,United Kingdom
20903,Germany
20904,United Kingdom
20905,France
20906,United Kingdom
20907,United Kingdom
20908,Germany
20909,United Kingdom
20910,France
20911,France
20912,Germany
20913,Germany
20914,Germany
20915,France
20916,Germany
20917,United Kingdom
20918,France
20919,France
20920,France
20921,United Kingdom
20922,United Kingdom
20923,Germany
20924,Germany
20925,France
20926,France
20927,Germany
20928,Germany
20929,United Kingdom
20930,Germany
20931,United Kingdom
20932,France
20933,United Kingdom
20934,France
20935,France
20936,France
20937,Germany
20938,United Kingdom
20939,Germany
20940,France
20941,France
20942,France
20943,United Kingdom
20944,France
20945,Germany
20946,Germany
20947,United Kingdom
20948,France
20949,United Kingdom
20950,United Kingdom
20951,United Kingdom
20952,United Kingdom
20953,France
20954,France
20955,France
20956,France
20957,France
20958,Germany
20959,France
20960,France
20961,France
20962,France
20963,United Kingdom
20964,France
20965,United Kingdom
20966,France
20967,Germany
20968,United Kingdom
20969,France
20970,Germany
20971,France
20972,United Kingdom
20973,United Kingdom
20974,France
20975,United Kingdom
20976,France
20977,France
20978,Germany
20979,Germany
20980,Germany
20981,Germany
20982,United Kingdom
20983,Australia
20984,Australia
20985,Australia
20986,Australia
20987,Australia
20988,Australia
20989,Australia
20990,Australia
20991,Australia
20992,Australia
20993,Australia
20994,Australia
20995,Australia
20996,Australia
20997,Australia
20998,Australia
20999,Australia
21000,Australia
21001,Australia
21002,Australia
21003,France
21004,France
21005,France
21006,Germany
21007,Germany
21008,Germany
21009,Germany
21010,Germany
21011,United Kingdom
21012,United Kingdom
21013,France
21014,France
21015,Germany
21016,Germany
21017,France
21018,United Kingdom
21019,France
21020,United Kingdom
21021,France
21022,France
21023,United Kingdom
21024,France
21025,United Kingdom
21026,United Kingdom
21027,United Kingdom
21028,United Kingdom
21029,Germany
21030,France
21031,France
21032,Germany
21033,France
21034,United Kingdom
21035,Germany
21036,United Kingdom
21037,Germany
21038,France
21039,United Kingdom
21040,United Kingdom
21041,France
21042,Germany
21043,Germany
21044,United Kingdom
21045,France
21046,United Kingdom
21047,Germany
21048,France
21049,United Kingdom
21050,France
21051,Germany
21052,Germany
21053,United Kingdom
21054,France
21055,Germany
21056,United Kingdom
21057,Germany
21058,France
21059,France
21060,United Kingdom
21061,France
21062,France
21063,France
21064,France
21065,Germany
21066,United Kingdom
21067,United Kingdom
21068,United Kingdom
21069,United Kingdom
21070,France
21071,United Kingdom
21072,France
21073,Germany
21074,United Kingdom
21075,Germany
21076,Germany
21077,France
21078,France
21079,United Kingdom
21080,France
21081,France
21082,Germany
21083,United Kingdom
21084,France
21085,Germany
21086,Germany
21087,Germany
21088,France
21089,France
21090,France
21091,Germany
21092,United Kingdom
21093,United Kingdom
21094,France
21095,France
21096,Germany
21097,Germany
21098,France
21099,France
21100,Germany
21101,United Kingdom
21102,Germany
21103,United Kingdom
21104,United Kingdom
21105,United Kingdom
21106,United Kingdom
21107,Germany
21108,Germany
21109,Germany
21110,United Kingdom
21111,United Kingdom
21112,France
21113,France
21114,Germany
21115,Germany
21116,United Kingdom
21117,France
21118,United Kingdom
21119,France
21120,Germany
21121,France
21122,France
21123,France
21124,United Kingdom
21125,France
21126,France
21127,France
21128,Germany
21129,Germany
21130,United Kingdom
21131,Germany
21132,France
21133,France
21134,United Kingdom
21135,United Kingdom
21136,United Kingdom
21137,United Kingdom
21138,Canada
21139,Unknown
21140,Unknown
21141,Unknown
21142,Unknown
21143,Unknown
21144,Unknown
21145,Unknown
21146,Unknown
21147,Unknown
21148,Canada
21149,Unknown
21150,Unknown
21151,Unknown
21152,Unknown
21153,Unknown
21154,Unknown
21155,Unknown
21156,Unknown
21157,Unknown
21158,Unknown
21159,Unknown
21160,Unknown
21161,Unknown
21162,Unknown
21163,Unknown
21164,Unknown
21165,Australia
21166,Australia
21167,Australia
21168,Australia
21169,Australia
21170,Australia
21171,Australia
21172,Australia
21173,Australia
21174,Australia
21175,Australia
21176,Australia
21177,Australia
21178,Australia
21179,Australia
21180,Australia
21181,Australia
21182,Australia
21183,Australia
21184,Australia
21185,Australia
21186,Australia
21187,Australia
21188,Australia
21189,Australia
21190,Australia
21191,Australia
21192,Australia
21193,Australia
21194,Australia
21195,Australia
21196,Australia
21197,Australia
21198,Australia
21199,Australia
21200,Australia
21201,Australia
21202,Australia
21203,Australia
21204,Australia
21205,Australia
21206,Australia
21207,Australia
21208,Australia
21209,Australia
21210,Australia
21211,Australia
21212,Australia
21213,Australia
21214,Australia
21215,Australia
21216,Australia
21217,Australia
21218,Australia
21219,Australia
21220,Australia
21221,Australia
21222,Australia
21223,Australia
21224,Australia
21225,Australia
21226,Australia
21227,Australia
21228,Australia
21229,Australia
21230,Australia
21231,Australia
21232,Australia
21233,Unknown
21234,Unknown
21235,Unknown
21236,Unknown
21237,Unknown
21238,Canada
21239,Australia
21240,Unknown
21241,Unknown
21242,Unknown
21243,Unknown
21244,Unknown
21245,Unknown
21246,Unknown
21247,Unknown
21248,Australia
21249,Unknown
21250,Unknown
21251,Canada
21252,Canada
21253,Unknown
21254,Australia
21255,Australia
21256,Australia
21257,Australia
21258,Australia
21259,Australia
21260,Unknown
21261,Unknown
21262,Unknown
21263,Canada
21264,Unknown
21265,Unknown
21266,Canada
21267,Unknown
21268,Unknown
21269,Unknown
21270,Unknown
21271,Unknown
21272,Canada
21273,Unknown
21274,Unknown
21275,Unknown
21276,Canada
21277,Canada
21278,Unknown
21279,Australia
21280,Unknown
21281,Unknown
21282,Unknown
21283,Australia
21284,Canada
21285,Unknown
21286,Unknown
21287,Unknown
21288,Unknown
21289,Unknown
21290,Unknown
21291,Unknown
21292,Unknown
21293,Unknown
21294,Unknown
21295,Canada
21296,Unknown
21297,Unknown
21298,Unknown
21299,Unknown
21300,Unknown
21301,Unknown
21302,Unknown
21303,Unknown
21304,Unknown
21305,Canada
21306,Canada
21307,Unknown
21308,Canada
21309,Unknown
21310,Unknown
21311,Canada
21312,Unknown
21313,Unknown
21314,Unknown
21315,Unknown
21316,Unknown
21317,Unknown
21318,Canada
21319,Unknown
21320,Unknown
21321,Unknown
21322,Unknown
21323,Unknown
21324,Unknown
21325,Unknown
21326,Unknown
21327,Unknown
21328,Unknown
21329,Unknown
21330,Unknown
21331,Canada
21332,Canada
21333,Unknown
21334,Unknown
21335,Unknown
21336,Canada
21337,Unknown
21338,Unknown
21339,Canada
21340,Unknown
21341,Unknown
21342,Unknown
21343,Unknown
21344,Unknown
21345,Canada
21346,Unknown
21347,Canada
21348,Canada
21349,Canada
21350,Unknown
21351,Unknown
21352,Canada
21353,Unknown
21354,Canada
21355,Unknown
21356,Unknown
21357,Unknown
21358,Unknown
21359,Australia
21360,Australia
21361,Australia
21362,Australia
21363,Australia
21364,Canada
21365,Australia
21366,Australia
21367,Australia
21368,Unknown
21369,Unknown
21370,Australia
21371,Australia
21372,Australia
21373,Australia
21374,Australia
21375,Australia
21376,Australia
21377,Australia
21378,Australia
21379,Australia
21380,Australia
21381,Australia
21382,Australia
21383,Australia
21384,Australia
21385,Unknown
21386,Unknown
21387,Australia
21388,Unknown
21389,Australia
21390,Australia
21391,Australia
21392,Australia
21393,Australia
21394,Australia
21395,Unknown
21396,Unknown
21397,Unknown
21398,Unknown
21399,Unknown
21400,Canada
21401,Unknown
21402,Australia
21403,Australia
21404,Australia
21405,Australia
21406,Australia
21407,Australia
21408,Australia
21409,Australia
21410,Unknown
21411,Unknown
21412,Canada
21413,Unknown
21414,Unknown
21415,Unknown
21416,Unknown
21417,Unknown
21418,Australia
21419,Unknown
21420,Unknown
21421,Unknown
21422,Unknown
21423,Canada
21424,Unknown
21425,Unknown
21426,Unknown
21427,Unknown
21428,Unknown
21429,Unknown
21430,Unknown
21431,Canada
21432,Unknown
21433,Unknown
21434,Unknown
21435,Unknown
21436,Unknown
21437,Unknown
21438,Unknown
21439,Unknown
21440,Unknown
21441,Canada
21442,Unknown
21443,Unknown
21444,Unknown
21445,Unknown
21446,Canada
21447,Canada
21448,Unknown
21449,Unknown
21450,Canada
21451,Unknown
21452,Unknown
21453,Canada
21454,Unknown
21455,Unknown
21456,Unknown
21457,Unknown
21458,Unknown
21459,Unknown
21460,Unknown
21461,Canada
21462,Unknown
21463,Unknown
21464,Canada
21465,Unknown
21466,Unknown
21467,Unknown
21468,Unknown
21469,Unknown
21470,Unknown
21471,Canada
21472,Unknown
21473,Unknown
21474,Unknown
21475,Unknown
21476,Unknown
21477,Unknown
21478,Unknown
21479,Unknown
21480,Canada
21481,Unknown
21482,Unknown
21483,Unknown
21484,Unknown
21485,Unknown
21486,Unknown
21487,Unknown
21488,Unknown
21489,Canada
21490,Canada
21491,Unknown
21492,Unknown
21493,Unknown
21494,Canada
21495,Unknown
21496,Unknown
21497,Unknown
21498,USA
21499,USA
21500,USA
21501,Canada
21502,USA
21503,USA
21504,USA
21505,France
21506,Germany
21507,United Kingdom
21508,United Kingdom
21509,United Kingdom
21510,Germany
21511,United Kingdom
21512,United Kingdom
21513,France
21514,Germany
21515,United Kingdom
21516,United Kingdom
21517,United Kingdom
21518,France
21519,Germany
21520,United Kingdom
21521,France
21522,France
21523,Germany
21524,United Kingdom
21525,United Kingdom
21526,Germany
21527,France
21528,Germany
21529,France
21530,France
21531,France
21532,Germany
21533,United Kingdom
21534,United Kingdom
21535,France
21536,Germany
21537,Germany
21538,France
21539,France
21540,United Kingdom
21541,United Kingdom
21542,France
21543,France
21544,United Kingdom
21545,United Kingdom
21546,Germany
21547,United Kingdom
21548,United Kingdom
21549,Germany
21550,Germany
21551,Australia
21552,Australia
21553,Australia
21554,Australia
21555,Australia
21556,Australia
21557,Australia
21558,Australia
21559,Australia
21560,Australia
21561,Australia
21562,Australia
21563,Australia
21564,Australia
21565,Australia
21566,Australia
21567,Australia
21568,Australia
21569,Australia
21570,Australia
21571,Australia
21572,Australia
21573,Australia
21574,USA
21575,USA
21576,USA
21577,Canada
21578,USA
21579,USA
21580,Canada
21581,Canada
21582,Canada
21583,USA
21584,USA
21585,USA
21586,USA
21587,USA
21588,USA
21589,Canada
21590,USA
21591,USA
21592,USA
21593,USA
21594,USA
21595,Canada
21596,USA
21597,USA
21598,USA
21599,USA
21600,USA
21601,USA
21602,USA
21603,USA
21604,USA
21605,USA
21606,USA
21607,USA
21608,USA
21609,USA
21610,USA
21611,USA
21612,USA
21613,Canada
21614,Canada
21615,USA
21616,USA
21617,USA
21618,Canada
21619,USA
21620,Canada
21621,Canada
21622,Canada
21623,USA
21624,USA
21625,USA
21626,USA
21627,USA
21628,USA
21629,Canada
21630,USA
21631,Canada
21632,USA
21633,USA
21634,USA
21635,USA
21636,USA
21637,USA
21638,USA
21639,USA
21640,USA
21641,USA
21642,Canada
21643,USA
21644,USA
21645,USA
21646,USA
21647,USA
21648,USA
21649,USA
21650,USA
21651,USA
21652,Canada
21653,USA
21654,USA
21655,Canada
21656,Canada
21657,USA
21658,Canada
21659,Canada
21660,USA
21661,Germany
21662,France
21663,Germany
21664,France
21665,France
21666,Germany
21667,Germany
21668,United Kingdom
21669,United Kingdom
21670,France
21671,France
21672,Germany
21673,France
21674,Germany
21675,France
21676,France
21677,France
21678,United Kingdom
21679,United Kingdom
21680,Germany
21681,Germany
21682,United Kingdom
21683,United Kingdom
21684,France
21685,USA
21686,USA
21687,USA
21688,USA
21689,USA
21690,Canada
21691,Canada
21692,USA
21693,USA
21694,USA
21695,USA
21696,USA
21697,USA
21698,USA
21699,USA
21700,USA
21701,USA
21702,Canada
21703,Canada
21704,USA
21705,USA
21706,USA
21707,USA
21708,USA
21709,USA
21710,Canada
21711,USA
21712,USA
21713,USA
21714,USA
21715,USA
21716,USA
21717,USA
21718,USA
21719,USA
21720,USA
21721,USA
21722,USA
21723,USA
21724,USA
21725,Canada
21726,Canada
21727,Canada
21728,USA
21729,USA
21730,USA
21731,USA
21732,Canada
21733,USA
21734,USA
21735,USA
21736,USA
21737,France
21738,United Kingdom
21739,United Kingdom
21740,United Kingdom
21741,Canada
21742,Canada
21743,USA
21744,USA
21745,Canada
21746,USA
21747,USA
21748,USA
21749,USA
21750,USA
21751,USA
21752,Canada
21753,USA
21754,USA
21755,USA
21756,USA
21757,USA
21758,USA
21759,Canada
21760,USA
21761,USA
21762,USA
21763,USA
21764,Canada
21765,USA
21766,USA
21767,USA
21768,Canada
21769,USA
21770,USA
21771,USA
21772,USA
21773,USA
21774,USA
21775,USA
21776,USA
21777,Canada
21778,USA
21779,USA
21780,USA
21781,USA
21782,USA
21783,USA
21784,USA
21785,USA
21786,USA
21787,USA
21788,USA
21789,USA
21790,USA
21791,USA
21792,Canada
21793,USA
21794,USA
21795,USA
21796,Canada
21797,USA
21798,USA
21799,USA
21800,USA
21801,USA
21802,USA
21803,Canada
21804,USA
21805,USA
21806,USA
21807,USA
21808,USA
21809,USA
21810,USA
21811,USA
21812,USA
21813,Canada
21814,USA
21815,Canada
21816,Germany
21817,United Kingdom
21818,France
21819,France
21820,France
21821,Germany
21822,United Kingdom
21823,Germany
21824,United Kingdom
21825,Germany
21826,Germany
21827,Germany
21828,Germany
21829,United Kingdom
21830,United Kingdom
21831,France
21832,France
21833,Germany
21834,Germany
21835,Germany
21836,Germany
21837,Germany
21838,Germany
21839,United Kingdom
21840,United Kingdom
21841,United Kingdom
21842,Germany
21843,Germany
21844,Germany
21845,France
21846,Germany
21847,United Kingdom
21848,United Kingdom
21849,France
21850,France
21851,Germany
21852,Germany
21853,Germany
21854,United Kingdom
21855,United Kingdom
21856,United Kingdom
21857,United Kingdom
21858,United Kingdom
21859,France
21860,France
21861,France
21862,France
21863,Germany
21864,United Kingdom
21865,United Kingdom
21866,France
21867,France
21868,Germany
21869,Germany
21870,United Kingdom
21871,Australia
21872,Australia
21873,Australia
21874,Australia
21875,Australia
21876,Australia
21877,Australia
21878,Australia
21879,Australia
21880,Australia
21881,Australia
21882,Australia
21883,Australia
21884,Australia
21885,Australia
21886,Australia
21887,Australia
21888,Australia
21889,Australia
21890,Australia
21891,Australia
21892,Australia
21893,Australia
21894,Australia
21895,Australia
21896,Australia
21897,Australia
21898,Australia
21899,Australia
21900,USA
21901,USA
21902,USA
21903,USA
21904,Canada
21905,USA
21906,USA
21907,USA
21908,USA
21909,USA
21910,Germany
21911,France
21912,France
21913,France
21914,Germany
21915,USA
21916,Canada
21917,USA
21918,USA
21919,USA
21920,USA
21921,Canada
21922,USA
21923,USA
21924,USA
21925,Canada
21926,USA
21927,USA
21928,USA
21929,USA
21930,USA
21931,USA
21932,USA
21933,USA
21934,USA
21935,USA
21936,USA
21937,USA
21938,USA
21939,Canada
21940,USA
21941,USA
21942,USA
21943,Australia
21944,Australia
21945,Australia
21946,Australia
21947,Australia
21948,Australia
21949,Australia
21950,Australia
21951,Australia
21952,Australia
21953,Australia
21954,Australia
21955,Australia
21956,Australia
21957,Australia
21958,Australia
21959,Australia
21960,Australia
21961,Australia
21962,Australia
21963,Australia
21964,Australia
21965,Australia
21966,Australia
21967,Australia
21968,Australia
21969,Australia
21970,Australia
21971,Australia
21972,Australia
21973,Australia
21974,Australia
21975,Australia
21976,Australia
21977,Australia
21978,Australia
21979,Australia
21980,Australia
21981,Australia
21982,Australia
21983,Australia
21984,Australia
21985,Australia
21986,Australia
21987,Australia
21988,Australia
21989,Australia
21990,Australia
21991,Australia
21992,Australia
21993,Australia
21994,Australia
21995,Australia
21996,Australia
21997,Australia
21998,Australia
21999,Australia
22000,Australia
22001,Australia
22002,Australia
22003,Australia
22004,Australia
22005,Australia
22006,Australia
22007,USA
22008,Canada
22009,USA
22010,USA
22011,USA
22012,USA
22013,USA
22014,Canada
22015,Canada
22016,USA
22017,Australia
22018,Australia
22019,Canada
22020,Australia
22021,USA
22022,USA
22023,USA
22024,USA
22025,USA
22026,Canada
22027,Canada
22028,Australia
22029,Australia
22030,Australia
22031,Australia
22032,Australia
22033,Australia
22034,USA
22035,USA
22036,USA
22037,USA
22038,USA
22039,USA
22040,USA
22041,Canada
22042,USA
22043,USA
22044,USA
22045,USA
22046,USA
22047,USA
22048,USA
22049,USA
22050,Canada
22051,USA
22052,USA
22053,USA
22054,USA
22055,USA
22056,USA
22057,USA
22058,Canada
22059,Canada
22060,USA
22061,USA
22062,USA
22063,Australia
22064,Australia
22065,Australia
22066,USA
22067,USA
22068,USA
22069,USA
22070,USA
22071,USA
22072,USA
22073,USA
22074,USA
22075,USA
22076,USA
22077,USA
22078,USA
22079,Canada
22080,Canada
22081,USA
22082,USA
22083,USA
22084,USA
22085,USA
22086,USA
22087,USA
22088,USA
22089,USA
22090,USA
22091,USA
22092,USA
22093,USA
22094,USA
22095,Canada
22096,USA
22097,Canada
22098,USA
22099,USA
22100,Canada
22101,USA
22102,USA
22103,USA
22104,USA
22105,USA
22106,USA
22107,Canada
22108,USA
22109,Canada
22110,USA
22111,USA
22112,Canada
22113,USA
22114,Canada
22115,USA
22116,USA
22117,Canada
22118,Canada
22119,USA
22120,Canada
22121,Canada
22122,USA
22123,USA
22124,USA
22125,USA
22126,USA
22127,USA
22128,Canada
22129,USA
22130,USA
22131,USA
22132,USA
22133,USA
22134,USA
22135,USA
22136,USA
22137,USA
22138,USA
22139,USA
22140,USA
22141,Canada
22142,USA
22143,Canada
22144,Canada
22145,USA
22146,USA
22147,Australia
22148,Australia
22149,Australia
22150,Australia
22151,Australia
22152,USA
22153,USA
22154,Canada
22155,Australia
22156,Australia
22157,USA
22158,USA
22159,USA
22160,USA
22161,USA
22162,USA
22163,USA
22164,USA
22165,USA
22166,USA
22167,Australia
22168,Australia
22169,Australia
22170,Australia
22171,Australia
22172,Australia
22173,Australia
22174,Australia
22175,Australia
22176,Australia
22177,Australia
22178,Australia
22179,Australia
22180,Australia
22181,Australia
22182,Canada
22183,USA
22184,USA
22185,USA
22186,USA
22187,USA
22188,USA
22189,USA
22190,USA
22191,USA
22192,USA
22193,Australia
22194,Australia
22195,Australia
22196,Australia
22197,Australia
22198,Australia
22199,Australia
22200,Australia
22201,Australia
22202,Australia
22203,Australia
22204,Australia
22205,Australia
22206,Australia
22207,Australia
22208,Australia
22209,Australia
22210,Australia
22211,USA
22212,Australia
22213,Australia
22214,Australia
22215,USA
22216,USA
22217,Canada
22218,USA
22219,Canada
22220,USA
22221,USA
22222,USA
22223,USA
22224,USA
22225,USA
22226,USA
22227,USA
22228,USA
22229,USA
22230,Canada
22231,USA
22232,Canada
22233,Canada
22234,Canada
22235,USA
22236,USA
22237,USA
22238,USA
22239,USA
22240,USA
22241,USA
22242,USA
22243,USA
22244,USA
22245,USA
22246,USA
22247,Canada
22248,USA
22249,USA
22250,USA
22251,Canada
22252,Canada
22253,USA
22254,USA
22255,USA
22256,USA
22257,USA
22258,USA
22259,USA
22260,USA
22261,USA
22262,USA
22263,USA
22264,Canada
22265,Canada
22266,USA
22267,Canada
22268,Canada
22269,USA
22270,USA
22271,USA
22272,USA
22273,USA
22274,USA
22275,USA
22276,USA
22277,USA
22278,Canada
22279,USA
22280,USA
22281,USA
22282,USA
22283,USA
22284,USA
22285,Canada
22286,USA
22287,USA
22288,USA
22289,USA
22290,USA
22291,USA
22292,USA
22293,USA
22294,USA
22295,USA
22296,USA
22297,USA
22298,USA
22299,Canada
22300,USA
22301,USA
22302,United Kingdom
22303,France
22304,United Kingdom
22305,United Kingdom
22306,France
22307,Germany
22308,United Kingdom
22309,United Kingdom
22310,Germany
22311,United Kingdom
22312,France
22313,United Kingdom
22314,France
22315,United Kingdom
22316,France
22317,Germany
22318,Germany
22319,France
22320,United Kingdom
22321,United Kingdom
22322,France
22323,France
22324,France
22325,United Kingdom
22326,USA
22327,USA
22328,USA
22329,USA
22330,USA
22331,USA
22332,Canada
22333,USA
22334,USA
22335,USA
22336,USA
22337,USA
22338,USA
22339,USA
22340,USA
22341,USA
22342,USA
22343,USA
22344,USA
22345,USA
22346,USA
22347,USA
22348,USA
22349,Canada
22350,USA
22351,USA
22352,USA
22353,Canada
22354,Canada
22355,USA
22356,USA
22357,USA
22358,USA
22359,Canada
22360,USA
22361,USA
22362,USA
22363,Canada
22364,USA
22365,USA
22366,Canada
22367,USA
22368,USA
22369,USA
22370,USA
22371,Canada
22372,USA
22373,Canada
22374,USA
22375,USA
22376,USA
22377,France
22378,France
22379,France
22380,Germany
22381,Germany
22382,United Kingdom
22383,United Kingdom
22384,Germany
22385,United Kingdom
22386,Germany
22387,Germany
22388,United Kingdom
22389,Germany
22390,Germany
22391,Germany
22392,France
22393,Germany
22394,France
22395,France
22396,United Kingdom
22397,France
22398,Germany
22399,Australia
22400,Australia
22401,Australia
22402,Australia
22403,Australia
22404,Australia
22405,Australia
22406,Australia
22407,Australia
22408,Australia
22409,Australia
22410,Australia
22411,Australia
22412,Australia
22413,France
22414,Germany
22415,Germany
22416,United Kingdom
22417,France
22418,United Kingdom
22419,France
22420,France
22421,United Kingdom
22422,United Kingdom
22423,France
22424,France
22425,France
22426,France
22427,United Kingdom
22428,United Kingdom
22429,United Kingdom
22430,France
22431,France
22432,Germany
22433,United Kingdom
22434,United Kingdom
22435,France
22436,Germany
22437,United Kingdom
22438,France
22439,United Kingdom
22440,France
22441,Germany
22442,United Kingdom
22443,France
22444,Germany
22445,France
22446,United Kingdom
22447,Germany
22448,France
22449,France
22450,Germany
22451,United Kingdom
22452,United Kingdom
22453,Germany
22454,United Kingdom
22455,Germany
22456,United Kingdom
22457,United Kingdom
22458,France
22459,Germany
22460,United Kingdom
22461,United Kingdom
22462,Germany
22463,France
22464,France
22465,France
22466,France
22467,United Kingdom
22468,United Kingdom
22469,Germany
22470,United Kingdom
22471,France
22472,France
22473,Germany
22474,Germany
22475,United Kingdom
22476,Germany
22477,Germany
22478,Germany
22479,Germany
22480,France
22481,Germany
22482,Germany
22483,France
22484,France
22485,France
22486,Germany
22487,France
22488,Germany
22489,France
22490,France
22491,Germany
22492,Germany
22493,Germany
22494,Germany
22495,France
22496,United Kingdom
22497,Germany
22498,France
22499,France
22500,France
22501,France
22502,United Kingdom
22503,United Kingdom
22504,United Kingdom
22505,United Kingdom
22506,Germany
22507,Germany
22508,Germany
22509,Germany
22510,United Kingdom
22511,France
22512,France
22513,France
22514,Germany
22515,France
22516,Germany
22517,Germany
22518,United Kingdom
22519,Germany
22520,United Kingdom
22521,Germany
22522,Germany
22523,Germany
22524,France
22525,Germany
22526,United Kingdom
22527,France
22528,United Kingdom
22529,France
22530,United Kingdom
22531,France
22532,United Kingdom
22533,Germany
22534,France
22535,United Kingdom
22536,United Kingdom
22537,Germany
22538,France
22539,United Kingdom
22540,United Kingdom
22541,Germany
22542,France
22543,USA
22544,Canada
22545,Canada
22546,USA
22547,USA
22548,USA
22549,USA
22550,United Kingdom
22551,Germany
22552,France
22553,United Kingdom
22554,United Kingdom
22555,France
22556,France
22557,United Kingdom
22558,United Kingdom
22559,United Kingdom
22560,United Kingdom
22561,France
22562,France
22563,Germany
22564,United Kingdom
22565,Germany
22566,United Kingdom
22567,France
22568,Germany
22569,United Kingdom
22570,United Kingdom
22571,Australia
22572,Australia
22573,Australia
22574,Australia
22575,Australia
22576,Australia
22577,Australia
22578,Australia
22579,Australia
22580,Australia
22581,Australia
22582,Australia
22583,Australia
22584,France
22585,Germany
22586,United Kingdom
22587,Germany
22588,United Kingdom
22589,United Kingdom
22590,Germany
22591,Germany
22592,United Kingdom
22593,France
22594,United Kingdom
22595,France
22596,United Kingdom
22597,Germany
22598,Germany
22599,United Kingdom
22600,United Kingdom
22601,France
22602,United Kingdom
22603,France
22604,United Kingdom
22605,United Kingdom
22606,Germany
22607,Germany
22608,United Kingdom
22609,Germany
22610,Germany
22611,United Kingdom
22612,France
22613,United Kingdom
22614,United Kingdom
22615,Germany
22616,United Kingdom
22617,Germany
22618,United Kingdom
22619,Germany
22620,Germany
22621,Germany
22622,United Kingdom
22623,Germany
22624,France
22625,France
22626,France
22627,Germany
22628,Germany
22629,United Kingdom
22630,United Kingdom
22631,United Kingdom
22632,France
22633,Germany
22634,United Kingdom
22635,United Kingdom
22636,United Kingdom
22637,United Kingdom
22638,Germany
22639,United Kingdom
22640,United Kingdom
22641,France
22642,United Kingdom
22643,United Kingdom
22644,Germany
22645,France
22646,United Kingdom
22647,France
22648,France
22649,France
22650,Germany
22651,France
22652,Germany
22653,United Kingdom
22654,France
22655,Germany
22656,United Kingdom
22657,United Kingdom
22658,France
22659,Germany
22660,Germany
22661,France
22662,United Kingdom
22663,France
22664,France
22665,Germany
22666,Germany
22667,United Kingdom
22668,United Kingdom
22669,United Kingdom
22670,United Kingdom
22671,United Kingdom
22672,United Kingdom
22673,France
22674,Germany
22675,France
22676,France
22677,Germany
22678,Germany
22679,Germany
22680,Germany
22681,France
22682,France
22683,France
22684,Germany
22685,Germany
22686,United Kingdom
22687,United Kingdom
22688,Germany
22689,France
22690,France
22691,France
22692,France
22693,France
22694,Germany
22695,United Kingdom
22696,France
22697,France
22698,France
22699,Germany
22700,Germany
22701,Germany
22702,France
22703,France
22704,France
22705,Germany
22706,Germany
22707,Germany
22708,France
22709,France
22710,Germany
22711,Germany
22712,France
22713,Canada
22714,Canada
22715,Canada
22716,USA
22717,USA
22718,USA
22719,USA
22720,USA
22721,USA
22722,USA
22723,USA
22724,USA
22725,USA
22726,USA
22727,USA
22728,Canada
22729,USA
22730,Canada
22731,USA
22732,Canada
22733,USA
22734,USA
22735,USA
22736,USA
22737,USA
22738,USA
22739,Canada
22740,USA
22741,USA
22742,USA
22743,USA
22744,USA
22745,USA
22746,USA
22747,USA
22748,Canada
22749,USA
22750,USA
22751,USA
22752,USA
22753,USA
22754,USA
22755,Canada
22756,USA
22757,USA
22758,USA
22759,USA
22760,USA
22761,USA
22762,USA
22763,USA
22764,USA
22765,Canada
22766,USA
22767,USA
22768,USA
22769,USA
22770,USA
22771,Canada
22772,Canada
22773,USA
22774,USA
22775,USA
22776,USA
22777,USA
22778,USA
22779,USA
22780,USA
22781,USA
22782,USA
22783,USA
22784,USA
22785,Canada
22786,USA
22787,USA
22788,USA
22789,USA
22790,USA
22791,USA
22792,USA
22793,USA
22794,United Kingdom
22795,France
22796,France
22797,Germany
22798,United Kingdom
22799,United Kingdom
22800,France
22801,Germany
22802,Germany
22803,Germany
22804,Germany
22805,Germany
22806,Germany
22807,United Kingdom
22808,United Kingdom
22809,Germany
22810,Germany
22811,United Kingdom
22812,United Kingdom
22813,United Kingdom
22814,France
22815,Germany
22816,Germany
22817,Germany
22818,United Kingdom
22819,United Kingdom
22820,France
22821,Germany
22822,United Kingdom
22823,United Kingdom
22824,France
22825,United Kingdom
22826,United Kingdom
22827,France
22828,United Kingdom
22829,France
22830,Germany
22831,France
22832,France
22833,France
22834,Germany
22835,Germany
22836,Germany
22837,United Kingdom
22838,United Kingdom
22839,Australia
22840,Australia
22841,Australia
22842,Australia
22843,Australia
22844,Australia
22845,Australia
22846,Australia
22847,Australia
22848,Australia
22849,Australia
22850,Australia
22851,Australia
22852,Australia
22853,Australia
22854,Australia
22855,Australia
22856,Australia
22857,Australia
22858,Australia
22859,Australia
22860,Australia
22861,USA
22862,USA
22863,USA
22864,USA
22865,USA
22866,Germany
22867,Germany
22868,France
22869,United Kingdom
22870,France
22871,USA
22872,USA
22873,USA
22874,USA
22875,USA
22876,USA
22877,Canada
22878,USA
22879,USA
22880,USA
22881,Canada
22882,Canada
22883,USA
22884,USA
22885,USA
22886,USA
22887,USA
22888,USA
22889,Canada
22890,USA
22891,USA
22892,USA
22893,Canada
22894,USA
22895,Canada
22896,USA
22897,USA
22898,USA
22899,USA
22900,USA
22901,Canada
22902,USA
22903,Canada
22904,Australia
22905,Australia
22906,Australia
22907,Australia
22908,Australia
22909,Australia
22910,Australia
22911,Australia
22912,Australia
22913,Australia
22914,Australia
22915,Australia
22916,Australia
22917,Australia
22918,Australia
22919,Australia
22920,Australia
22921,Australia
22922,Australia
22923,Australia
22924,Australia
22925,Australia
22926,Australia
22927,Australia
22928,Australia
22929,Australia
22930,Australia
22931,Australia
22932,Australia
22933,Australia
22934,Australia
22935,Australia
22936,Australia
22937,Australia
22938,Australia
22939,Australia
22940,Australia
22941,Australia
22942,Australia
22943,Australia
22944,Australia
22945,Australia
22946,Australia
22947,Australia
22948,Australia
22949,Australia
22950,Australia
22951,Australia
22952,Australia
22953,Australia
22954,Australia
22955,Australia
22956,Australia
22957,Australia
22958,Australia
22959,Australia
22960,Australia
22961,Australia
22962,Australia
22963,Australia
22964,Australia
22965,Australia
22966,Australia
22967,USA
22968,USA
22969,Canada
22970,USA
22971,Canada
22972,USA
22973,Australia
22974,Australia
22975,Canada
22976,Canada
22977,USA
22978,Australia
22979,USA
22980,USA
22981,USA
22982,USA
22983,Canada
22984,USA
22985,USA
22986,Australia
22987,Australia
22988,Australia
22989,USA
22990,USA
22991,USA
22992,USA
22993,USA
22994,USA
22995,Canada
22996,Canada
22997,USA
22998,Canada
22999,USA
23000,USA
23001,USA
23002,USA
23003,USA
23004,USA
23005,USA
23006,USA
23007,USA
23008,Australia
23009,Canada
23010,Canada
23011,USA
23012,Australia
23013,Australia
23014,Australia
23015,USA
23016,USA
23017,USA
23018,USA
23019,USA
23020,USA
23021,USA
23022,Canada
23023,USA
23024,USA
23025,USA
23026,USA
23027,USA
23028,USA
23029,USA
23030,USA
23031,USA
23032,USA
23033,USA
23034,USA
23035,USA
23036,USA
23037,USA
23038,USA
23039,USA
23040,USA
23041,USA
23042,USA
23043,USA
23044,USA
23045,USA
23046,USA
23047,USA
23048,Canada
23049,USA
23050,USA
23051,USA
23052,USA
23053,USA
23054,USA
23055,USA
23056,USA
23057,Canada
23058,USA
23059,USA
23060,USA
23061,USA
23062,USA
23063,USA
23064,USA
23065,USA
23066,USA
23067,USA
23068,USA
23069,USA
23070,Canada
23071,USA
23072,USA
23073,USA
23074,Canada
23075,USA
23076,USA
23077,Australia
23078,Australia
23079,Australia
23080,USA
23081,USA
23082,USA
23083,Canada
23084,Canada
23085,Australia
23086,Australia
23087,Australia
23088,USA
23089,USA
23090,USA
23091,USA
23092,USA
23093,USA
23094,Australia
23095,Australia
23096,Australia
23097,Australia
23098,Australia
23099,Australia
23100,Australia
23101,Australia
23102,Australia
23103,Australia
23104,Australia
23105,Australia
23106,Australia
23107,Australia
23108,USA
23109,USA
23110,USA
23111,USA
23112,USA
23113,Canada
23114,Canada
23115,USA
23116,Australia
23117,Australia
23118,Australia
23119,Australia
23120,Australia
23121,Australia
23122,Australia
23123,Australia
23124,USA
23125,USA
23126,USA
23127,USA
23128,Australia
23129,Australia
23130,USA
23131,USA
23132,USA
23133,USA
23134,Canada
23135,USA
23136,USA
23137,Canada
23138,USA
23139,USA
23140,USA
23141,USA
23142,USA
23143,USA
23144,USA
23145,USA
23146,USA
23147,USA
23148,USA
23149,USA
23150,USA
23151,USA
23152,USA
23153,USA
23154,USA
23155,USA
23156,USA
23157,USA
23158,USA
23159,USA
23160,USA
23161,USA
23162,USA
23163,USA
23164,Canada
23165,USA
23166,USA
23167,USA
23168,USA
23169,USA
23170,USA
23171,USA
23172,Canada
23173,USA
23174,USA
23175,USA
23176,USA
23177,USA
23178,USA
23179,USA
23180,USA
23181,USA
23182,USA
23183,USA
23184,USA
23185,USA
23186,USA
23187,USA
23188,USA
23189,USA
23190,USA
23191,USA
23192,USA
23193,USA
23194,USA
23195,USA
23196,Canada
23197,USA
23198,USA
23199,USA
23200,USA
23201,USA
23202,USA
23203,USA
23204,USA
23205,USA
23206,USA
23207,USA
23208,Canada
23209,Canada
23210,USA
23211,USA
23212,USA
23213,USA
23214,USA
23215,USA
23216,USA
23217,USA
23218,Germany
23219,United Kingdom
23220,United Kingdom
23221,Germany
23222,France
23223,United Kingdom
23224,United Kingdom
23225,United Kingdom
23226,Germany
23227,France
23228,Germany
23229,Germany
23230,United Kingdom
23231,France
23232,United Kingdom
23233,Germany
23234,Germany
23235,United Kingdom
23236,United Kingdom
23237,Germany
23238,USA
23239,USA
23240,USA
23241,USA
23242,USA
23243,USA
23244,Canada
23245,Canada
23246,USA
23247,USA
23248,USA
23249,USA
23250,USA
23251,USA
23252,USA
23253,Canada
23254,USA
23255,Canada
23256,USA
23257,USA
23258,USA
23259,USA
23260,USA
23261,USA
23262,USA
23263,USA
23264,USA
23265,USA
23266,USA
23267,Canada
23268,USA
23269,USA
23270,USA
23271,USA
23272,USA
23273,USA
23274,USA
23275,USA
23276,USA
23277,USA
23278,USA
23279,Canada
23280,USA
23281,Canada
23282,USA
23283,Canada
23284,Canada
23285,USA
23286,USA
23287,USA
23288,USA
23289,USA
23290,Canada
23291,USA
23292,USA
23293,USA
23294,USA
23295,USA
23296,USA
23297,USA
23298,USA
23299,USA
23300,USA
23301,USA
23302,USA
23303,USA
23304,USA
23305,Australia
23306,Canada
23307,Australia
23308,Australia
23309,Australia
23310,Australia
23311,Australia
23312,Australia
23313,Australia
23314,Australia
23315,Australia
23316,Australia
23317,Australia
23318,USA
23319,USA
23320,Australia
23321,Australia
23322,Australia
23323,Australia
23324,Australia
23325,Australia
23326,USA
23327,USA
23328,USA
23329,Australia
23330,Australia
23331,Australia
23332,Australia
23333,USA
23334,USA
23335,USA
23336,USA
23337,USA
23338,USA
23339,USA
23340,USA
23341,USA
23342,USA
23343,Australia
23344,Australia
23345,Australia
23346,Australia
23347,Australia
23348,Australia
23349,USA
23350,Canada
23351,Canada
23352,USA
23353,USA
23354,USA
23355,USA
23356,USA
23357,USA
23358,USA
23359,USA
23360,USA
23361,USA
23362,Canada
23363,Canada
23364,USA
23365,USA
23366,USA
23367,USA
23368,Canada
23369,USA
23370,USA
23371,USA
23372,USA
23373,USA
23374,USA
23375,USA
23376,Canada
23377,USA
23378,Canada
23379,USA
23380,USA
23381,USA
23382,USA
23383,USA
23384,USA
23385,Canada
23386,USA
23387,USA
23388,USA
23389,USA
23390,USA
23391,USA
23392,USA
23393,USA
23394,USA
23395,USA
23396,Canada
23397,Canada
23398,USA
23399,USA
23400,USA
23401,Canada
23402,USA
23403,USA
23404,USA
23405,USA
23406,USA
23407,USA
23408,Australia
23409,Australia
23410,Australia
23411,Australia
23412,Australia
23413,Australia
23414,Australia
23415,Australia
23416,Australia
23417,Australia
23418,Australia
23419,Australia
23420,Australia
23421,Australia
23422,Australia
23423,Australia
23424,Australia
23425,Australia
23426,Australia
23427,Australia
23428,Australia
23429,Australia
23430,Australia
23431,Australia
23432,Australia
23433,Australia
23434,Australia
23435,Australia
23436,Australia
23437,Australia
23438,Australia
23439,Australia
23440,France
23441,France
23442,United Kingdom
23443,France
23444,France
23445,France
23446,Germany
23447,Germany
23448,USA
23449,Canada
23450,USA
23451,USA
23452,USA
23453,USA
23454,USA
23455,Canada
23456,USA
23457,USA
23458,Canada
23459,Canada
23460,USA
23461,USA
23462,USA
23463,USA
23464,USA
23465,USA
23466,USA
23467,USA
23468,USA
23469,USA
23470,USA
23471,USA
23472,USA
23473,USA
23474,USA
23475,USA
23476,Canada
23477,USA
23478,USA
23479,USA
23480,USA
23481,USA
23482,USA
23483,USA
23484,USA
23485,Canada
23486,Canada
23487,Canada
23488,Canada
23489,USA
23490,USA
23491,USA
23492,USA
23493,USA
23494,Canada
23495,USA
23496,USA
23497,USA
23498,Canada
23499,USA
23500,USA
23501,USA
23502,USA
23503,Canada
23504,USA
23505,USA
23506,USA
23507,USA
23508,USA
23509,USA
23510,USA
23511,Canada
23512,USA
23513,Canada
23514,USA
23515,USA
23516,USA
23517,USA
23518,Canada
23519,USA
23520,USA
23521,Australia
23522,Australia
23523,Australia
23524,Australia
23525,Australia
23526,Australia
23527,Australia
23528,Australia
23529,Australia
23530,Australia
23531,Australia
23532,Australia
23533,Australia
23534,Australia
23535,Australia
23536,Australia
23537,Australia
23538,Australia
23539,Australia
23540,Australia
23541,Australia
23542,Australia
23543,Australia
23544,Australia
23545,Australia
23546,Australia
23547,Australia
23548,Canada
23549,USA
23550,USA
23551,Canada
23552,Canada
23553,Canada
23554,Canada
23555,USA
23556,USA
23557,Canada
23558,USA
23559,Canada
23560,USA
23561,USA
23562,Australia
23563,Australia
23564,USA
23565,USA
23566,Canada
23567,Canada
23568,USA
23569,Australia
23570,Australia
23571,Australia
23572,Australia
23573,Australia
23574,Australia
23575,Australia
23576,Australia
23577,USA
23578,USA
23579,USA
23580,USA
23581,USA
23582,USA
23583,Canada
23584,USA
23585,USA
23586,USA
23587,USA
23588,USA
23589,USA
23590,USA
23591,Canada
23592,Canada
23593,Australia
23594,USA
23595,France
23596,France
23597,United Kingdom
23598,United Kingdom
23599,United Kingdom
23600,France
23601,Germany
23602,Germany
23603,France
23604,Germany
23605,Germany
23606,United Kingdom
23607,United Kingdom
23608,United Kingdom
23609,France
23610,France
23611,France
23612,Germany
23613,United Kingdom
23614,United Kingdom
23615,United Kingdom
23616,Germany
23617,United Kingdom
23618,United Kingdom
23619,Germany
23620,United Kingdom
23621,France
23622,Germany
23623,France
23624,Germany
23625,United Kingdom
23626,France
23627,Germany
23628,United Kingdom
23629,United Kingdom
23630,United Kingdom
23631,France
23632,Germany
23633,Germany
23634,Germany
23635,United Kingdom
23636,United Kingdom
23637,France
23638,United Kingdom
23639,United Kingdom
23640,Australia
23641,Australia
23642,Australia
23643,Australia
23644,Australia
23645,Australia
23646,Australia
23647,Australia
23648,Australia
23649,Australia
23650,Australia
23651,Australia
23652,Australia
23653,Australia
23654,Australia
23655,Australia
23656,Australia
23657,Australia
23658,Australia
23659,Australia
23660,Australia
23661,Australia
23662,Australia
23663,Australia
23664,Australia
23665,Australia
23666,USA
23667,USA
23668,USA
23669,USA
23670,USA
23671,USA
23672,USA
23673,Canada
23674,USA
23675,USA
23676,Canada
23677,USA
23678,USA
23679,Canada
23680,USA
23681,Canada
23682,Canada
23683,USA
23684,USA
23685,USA
23686,USA
23687,USA
23688,USA
23689,USA
23690,USA
23691,USA
23692,USA
23693,USA
23694,USA
23695,USA
23696,USA
23697,USA
23698,USA
23699,USA
23700,USA
23701,USA
23702,USA
23703,USA
23704,USA
23705,USA
23706,USA
23707,USA
23708,USA
23709,USA
23710,USA
23711,USA
23712,USA
23713,USA
23714,USA
23715,USA
23716,Canada
23717,USA
23718,USA
23719,Canada
23720,USA
23721,USA
23722,USA
23723,USA
23724,USA
23725,Canada
23726,USA
23727,USA
23728,USA
23729,USA
23730,Canada
23731,Canada
23732,USA
23733,USA
23734,USA
23735,USA
23736,USA
23737,USA
23738,USA
23739,USA
23740,USA
23741,USA
23742,USA
23743,United Kingdom
23744,France
23745,France
23746,France
23747,United Kingdom
23748,France
23749,France
23750,United Kingdom
23751,United Kingdom
23752,United Kingdom
23753,United Kingdom
23754,France
23755,Germany
23756,France
23757,Germany
23758,France
23759,Germany
23760,United Kingdom
23761,France
23762,United Kingdom
23763,France
23764,Germany
23765,Germany
23766,Germany
23767,United Kingdom
23768,United Kingdom
23769,United Kingdom
23770,United Kingdom
23771,France
23772,Germany
23773,France
23774,United Kingdom
23775,United Kingdom
23776,Germany
23777,United Kingdom
23778,France
23779,United Kingdom
23780,France
23781,USA
23782,USA
23783,Canada
23784,USA
23785,USA
23786,USA
23787,USA
23788,USA
23789,USA
23790,USA
23791,USA
23792,USA
23793,USA
23794,USA
23795,USA
23796,USA
23797,USA
23798,Canada
23799,USA
23800,USA
23801,USA
23802,USA
23803,Canada
23804,USA
23805,USA
23806,Canada
23807,USA
23808,USA
23809,USA
23810,USA
23811,USA
23812,USA
23813,USA
23814,USA
23815,USA
23816,USA
23817,USA
23818,USA
23819,Canada
23820,USA
23821,USA
23822,USA
23823,USA
23824,USA
23825,USA
23826,USA
23827,Canada
23828,USA
23829,Canada
23830,Canada
23831,USA
23832,USA
23833,USA
23834,USA
23835,USA
23836,USA
23837,USA
23838,USA
23839,USA
23840,USA
23841,USA
23842,Canada
23843,USA
23844,USA
23845,USA
23846,Canada
23847,USA
23848,USA
23849,USA
23850,USA
23851,USA
23852,USA
23853,USA
23854,USA
23855,USA
23856,USA
23857,USA
23858,Canada
23859,Canada
23860,USA
23861,USA
23862,USA
23863,USA
23864,USA
23865,Canada
23866,Canada
23867,Canada
23868,Canada
23869,USA
23870,USA
23871,USA
23872,USA
23873,USA
23874,USA
23875,USA
23876,USA
23877,USA
23878,USA
23879,Canada
23880,USA
23881,USA
23882,USA
23883,USA
23884,USA
23885,USA
23886,USA
23887,USA
23888,USA
23889,USA
23890,USA
23891,USA
23892,Canada
23893,Canada
23894,USA
23895,USA
23896,USA
23897,Germany
23898,Germany
23899,France
23900,Germany
23901,France
23902,Germany
23903,Germany
23904,United Kingdom
23905,Germany
23906,Germany
23907,United Kingdom
23908,France
23909,France
23910,Germany
23911,France
23912,Germany
23913,France
23914,Germany
23915,Germany
23916,Germany
23917,Germany
23918,France
23919,France
23920,France
23921,Germany
23922,Germany
23923,United Kingdom
23924,United Kingdom
23925,Germany
23926,Germany
23927,France
23928,France
23929,France
23930,United Kingdom
23931,France
23932,France
23933,Germany
23934,France
23935,United Kingdom
23936,France
23937,Germany
23938,United Kingdom
23939,France
23940,United Kingdom
23941,Germany
23942,Germany
23943,United Kingdom
23944,United Kingdom
23945,United Kingdom
23946,Germany
23947,Germany
23948,United Kingdom
23949,France
23950,France
23951,France
23952,Germany
23953,Germany
23954,United Kingdom
23955,France
23956,Germany
23957,Germany
23958,France
23959,Germany
23960,Germany
23961,Germany
23962,France
23963,France
23964,France
23965,Germany
23966,United Kingdom
23967,United Kingdom
23968,United Kingdom
23969,France
23970,France
23971,United Kingdom
23972,France
23973,France
23974,France
23975,Germany
23976,United Kingdom
23977,France
23978,United Kingdom
23979,Germany
23980,France
23981,France
23982,Germany
23983,United Kingdom
23984,United Kingdom
23985,United Kingdom
23986,United Kingdom
23987,United Kingdom
23988,United Kingdom
23989,United Kingdom
23990,France
23991,France
23992,Australia
23993,Australia
23994,Australia
23995,Australia
23996,Australia
23997,Australia
23998,Australia
23999,Australia
24000,Australia
24001,Australia
24002,Australia
24003,Australia
24004,Australia
24005,Australia
24006,Australia
24007,Australia
24008,Australia
24009,Australia
24010,France
24011,United Kingdom
24012,France
24013,France
24014,Germany
24015,United Kingdom
24016,France
24017,Germany
24018,Germany
24019,United Kingdom
24020,United Kingdom
24021,France
24022,France
24023,France
24024,Germany
24025,Germany
24026,United Kingdom
24027,Germany
24028,France
24029,France
24030,United Kingdom
24031,United Kingdom
24032,France
24033,Germany
24034,United Kingdom
24035,United Kingdom
24036,Germany
24037,France
24038,France
24039,France
24040,Germany
24041,Germany
24042,Germany
24043,France
24044,United Kingdom
24045,United Kingdom
24046,Germany
24047,United Kingdom
24048,United Kingdom
24049,Germany
24050,United Kingdom
24051,United Kingdom
24052,Germany
24053,Germany
24054,United Kingdom
24055,United Kingdom
24056,France
24057,France
24058,United Kingdom
24059,Germany
24060,Germany
24061,France
24062,France
24063,France
24064,United Kingdom
24065,United Kingdom
24066,Germany
24067,Germany
24068,Germany
24069,United Kingdom
24070,France
24071,United Kingdom
24072,Germany
24073,United Kingdom
24074,Germany
24075,France
24076,France
24077,Germany
24078,Germany
24079,United Kingdom
24080,Germany
24081,France
24082,France
24083,France
24084,France
24085,United Kingdom
24086,Germany
24087,Germany
24088,Germany
24089,France
24090,France
24091,Germany
24092,Germany
24093,United Kingdom
24094,United Kingdom
24095,France
24096,France
24097,Germany
24098,Germany
24099,Germany
24100,United Kingdom
24101,United Kingdom
24102,Germany
24103,Germany
24104,United Kingdom
24105,France
24106,France
24107,Germany
24108,Germany
24109,France
24110,France
24111,France
24112,United Kingdom
24113,France
24114,United Kingdom
24115,United Kingdom
24116,France
24117,Germany
24118,France
24119,France
24120,Germany
24121,Germany
24122,France
24123,France
24124,France
24125,France
24126,France
24127,Germany
24128,Germany
24129,Germany
24130,Germany
24131,France
24132,United Kingdom
24133,France
24134,France
24135,France
24136,France
24137,Germany
24138,United Kingdom
24139,Germany
24140,France
24141,France
24142,France
24143,Germany
24144,United Kingdom
24145,United Kingdom
24146,France
24147,Germany
24148,Germany
24149,France
24150,Germany
24151,United Kingdom
24152,United Kingdom
24153,France
24154,United Kingdom
24155,Germany
24156,Germany
24157,France
24158,France
24159,Australia
24160,Australia
24161,Australia
24162,Australia
24163,Australia
24164,Australia
24165,Australia
24166,Australia
24167,Australia
24168,Australia
24169,Australia
24170,Australia
24171,Australia
24172,Australia
24173,Australia
24174,Australia
24175,Australia
24176,Australia
24177,Australia
24178,Australia
24179,Australia
24180,Germany
24181,Germany
24182,Germany
24183,France
24184,United Kingdom
24185,France
24186,United Kingdom
24187,United Kingdom
24188,United Kingdom
24189,United Kingdom
24190,France
24191,Germany
24192,United Kingdom
24193,United Kingdom
24194,France
24195,France
24196,France
24197,United Kingdom
24198,France
24199,United Kingdom
24200,United Kingdom
24201,France
24202,United Kingdom
24203,France
24204,Germany
24205,Germany
24206,Germany
24207,United Kingdom
24208,France
24209,France
24210,Germany
24211,United Kingdom
24212,United Kingdom
24213,United Kingdom
24214,Germany
24215,Germany
24216,United Kingdom
24217,United Kingdom
24218,United Kingdom
24219,France
24220,Canada
24221,USA
24222,USA
24223,USA
24224,USA
24225,USA
24226,USA
24227,USA
24228,Australia
24229,Australia
24230,Australia
24231,USA
24232,USA
24233,USA
24234,USA
24235,Canada
24236,USA
24237,USA
24238,USA
24239,USA
24240,Australia
24241,Australia
24242,Australia
24243,Australia
24244,Australia
24245,Australia
24246,Australia
24247,Australia
24248,Australia
24249,Australia
24250,Australia
24251,Australia
24252,Australia
24253,Australia
24254,USA
24255,Canada
24256,Canada
24257,Australia
24258,Canada
24259,USA
24260,USA
24261,USA
24262,USA
24263,USA
24264,USA
24265,USA
24266,Australia
24267,Australia
24268,Australia
24269,Australia
24270,Australia
24271,Australia
24272,Australia
24273,Australia
24274,Australia
24275,USA
24276,Australia
24277,Australia
24278,Australia
24279,Australia
24280,Australia
24281,Australia
24282,Australia
24283,Australia
24284,Canada
24285,USA
24286,USA
24287,USA
24288,USA
24289,USA
24290,USA
24291,USA
24292,USA
24293,USA
24294,USA
24295,USA
24296,USA
24297,USA
24298,USA
24299,USA
24300,Australia
24301,Australia
24302,Australia
24303,Australia
24304,Australia
24305,Australia
24306,Australia
24307,Australia
24308,USA
24309,Canada
24310,Canada
24311,USA
24312,USA
24313,USA
24314,USA
24315,USA
24316,USA
24317,USA
24318,USA
24319,USA
24320,USA
24321,USA
24322,Canada
24323,USA
24324,USA
24325,USA
24326,USA
24327,USA
24328,USA
24329,USA
24330,USA
24331,USA
24332,Canada
24333,USA
24334,USA
24335,USA
24336,USA
24337,USA
24338,USA
24339,USA
24340,USA
24341,USA
24342,Canada
24343,USA
24344,Canada
24345,USA
24346,USA
24347,USA
24348,USA
24349,USA
24350,USA
24351,USA
24352,USA
24353,USA
24354,USA
24355,USA
24356,USA
24357,USA
24358,USA
24359,USA
24360,Australia
24361,Australia
24362,Australia
24363,Australia
24364,Australia
24365,Australia
24366,Australia
24367,Australia
24368,Australia
24369,Australia
24370,Australia
24371,Australia
24372,Australia
24373,Australia
24374,Australia
24375,Australia
24376,Australia
24377,Australia
24378,Australia
24379,Australia
24380,Australia
24381,Australia
24382,Australia
24383,France
24384,France
24385,USA
24386,Canada
24387,USA
24388,USA
24389,USA
24390,USA
24391,USA
24392,Canada
24393,USA
24394,USA
24395,USA
24396,USA
24397,USA
24398,USA
24399,Canada
24400,USA
24401,USA
24402,USA
24403,USA
24404,USA
24405,USA
24406,USA
24407,USA
24408,USA
24409,USA
24410,USA
24411,USA
24412,USA
24413,USA
24414,USA
24415,Canada
24416,USA
24417,USA
24418,Canada
24419,USA
24420,USA
24421,USA
24422,USA
24423,USA
24424,USA
24425,USA
24426,USA
24427,USA
24428,USA
24429,USA
24430,USA
24431,Canada
24432,USA
24433,USA
24434,USA
24435,USA
24436,USA
24437,USA
24438,USA
24439,USA
24440,USA
24441,USA
24442,USA
24443,USA
24444,USA
24445,USA
24446,USA
24447,USA
24448,USA
24449,USA
24450,USA
24451,USA
24452,USA
24453,Australia
24454,Australia
24455,Australia
24456,Australia
24457,Australia
24458,Australia
24459,Australia
24460,Australia
24461,Australia
24462,Australia
24463,Australia
24464,Australia
24465,Australia
24466,Australia
24467,Australia
24468,Australia
24469,Australia
24470,Australia
24471,Australia
24472,Australia
24473,Australia
24474,Australia
24475,Australia
24476,Australia
24477,Australia
24478,Australia
24479,Australia
24480,Australia
24481,Australia
24482,Australia
24483,Australia
24484,Australia
24485,Australia
24486,USA
24487,Canada
24488,Canada
24489,Canada
24490,USA
24491,Canada
24492,USA
24493,Canada
24494,Australia
24495,Australia
24496,Canada
24497,USA
24498,USA
24499,USA
24500,USA
24501,Canada
24502,Australia
24503,Australia
24504,Australia
24505,Australia
24506,Australia
24507,USA
24508,USA
24509,USA
24510,USA
24511,USA
24512,USA
24513,USA
24514,USA
24515,USA
24516,USA
24517,USA
24518,USA
24519,USA
24520,USA
24521,USA
24522,USA
24523,USA
24524,USA
24525,Canada
24526,USA
24527,USA
24528,USA
24529,USA
24530,USA
24531,Germany
24532,Germany
24533,United Kingdom
24534,United Kingdom
24535,France
24536,Germany
24537,United Kingdom
24538,France
24539,France
24540,United Kingdom
24541,United Kingdom
24542,France
24543,France
24544,Germany
24545,United Kingdom
24546,United Kingdom
24547,Germany
24548,Germany
24549,United Kingdom
24550,United Kingdom
24551,France
24552,France
24553,Germany
24554,United Kingdom
24555,United Kingdom
24556,France
24557,United Kingdom
24558,United Kingdom
24559,France
24560,France
24561,Germany
24562,Germany
24563,Germany
24564,Germany
24565,Germany
24566,United Kingdom
24567,France
24568,United Kingdom
24569,United Kingdom
24570,France
24571,France
24572,Germany
24573,United Kingdom
24574,United Kingdom
24575,United Kingdom
24576,United Kingdom
24577,United Kingdom
24578,France
24579,Germany
24580,Germany
24581,United Kingdom
24582,United Kingdom
24583,United Kingdom
24584,Australia
24585,Australia
24586,Australia
24587,Australia
24588,Australia
24589,Australia
24590,Australia
24591,Australia
24592,Australia
24593,Australia
24594,Australia
24595,Australia
24596,Australia
24597,Australia
24598,Australia
24599,Australia
24600,Australia
24601,Australia
24602,Australia
24603,Australia
24604,Australia
24605,Australia
24606,Australia
24607,Australia
24608,Australia
24609,Australia
24610,Australia
24611,Australia
24612,Australia
24613,Australia
24614,Australia
24615,Australia
24616,USA
24617,USA
24618,USA
24619,USA
24620,USA
24621,Canada
24622,USA
24623,USA
24624,USA
24625,Canada
24626,USA
24627,Canada
24628,USA
24629,USA
24630,Canada
24631,USA
24632,USA
24633,USA
24634,USA
24635,USA
24636,USA
24637,Canada
24638,USA
24639,Canada
24640,USA
24641,USA
24642,USA
24643,USA
24644,USA
24645,USA
24646,Canada
24647,Canada
24648,USA
24649,Canada
24650,USA
24651,USA
24652,USA
24653,USA
24654,USA
24655,USA
24656,USA
24657,USA
24658,USA
24659,Canada
24660,USA
24661,Canada
24662,USA
24663,Canada
24664,Canada
24665,Canada
24666,Canada
24667,USA
24668,USA
24669,USA
24670,USA
24671,Canada
24672,USA
24673,USA
24674,USA
24675,USA
24676,USA
24677,USA
24678,USA
24679,USA
24680,USA
24681,USA
24682,Canada
24683,USA
24684,USA
24685,USA
24686,USA
24687,USA
24688,USA
24689,United Kingdom
24690,Germany
24691,Germany
24692,Germany
24693,France
24694,Germany
24695,France
24696,Germany
24697,United Kingdom
24698,Germany
24699,United Kingdom
24700,France
24701,France
24702,United Kingdom
24703,United Kingdom
24704,Germany
24705,United Kingdom
24706,Germany
24707,France
24708,France
24709,France
24710,Germany
24711,Germany
24712,United Kingdom
24713,France
24714,United Kingdom
24715,France
24716,Germany
24717,Germany
24718,Germany
24719,Germany
24720,United Kingdom
24721,United Kingdom
24722,Germany
24723,Germany
24724,France
24725,USA
24726,USA
24727,USA
24728,USA
24729,Canada
24730,Canada
24731,Canada
24732,USA
24733,Canada
24734,USA
24735,USA
24736,USA
24737,USA
24738,USA
24739,USA
24740,USA
24741,USA
24742,USA
24743,USA
24744,Canada
24745,USA
24746,Canada
24747,USA
24748,Canada
24749,USA
24750,USA
24751,USA
24752,USA
24753,USA
24754,USA
24755,Canada
24756,USA
24757,Canada
24758,USA
24759,Canada
24760,USA
24761,USA
24762,USA
24763,Canada
24764,USA
24765,USA
24766,USA
24767,USA
24768,USA
24769,USA
24770,USA
24771,Canada
24772,USA
24773,Canada
24774,USA
24775,USA
24776,USA
24777,USA
24778,Canada
24779,USA
24780,USA
24781,Canada
24782,USA
24783,USA
24784,USA
24785,USA
24786,Canada
24787,USA
24788,USA
24789,USA
24790,USA
24791,USA
24792,USA
24793,USA
24794,USA
24795,USA
24796,USA
24797,USA
24798,USA
24799,USA
24800,USA
24801,USA
24802,USA
24803,USA
24804,USA
24805,Canada
24806,USA
24807,USA
24808,USA
24809,USA
24810,USA
24811,USA
24812,USA
24813,USA
24814,USA
24815,USA
24816,Canada
24817,Canada
24818,USA
24819,USA
24820,USA
24821,USA
24822,USA
24823,USA
24824,Canada
24825,Canada
24826,USA
24827,USA
24828,USA
24829,USA
24830,USA
24831,USA
24832,Canada
24833,France
24834,Germany
24835,United Kingdom
24836,France
24837,Germany
24838,Germany
24839,Germany
24840,United Kingdom
24841,France
24842,France
24843,Germany
24844,France
24845,France
24846,Germany
24847,United Kingdom
24848,Germany
24849,France
24850,Germany
24851,United Kingdom
24852,United Kingdom
24853,United Kingdom
24854,Germany
24855,Germany
24856,Germany
24857,United Kingdom
24858,United Kingdom
24859,United Kingdom
24860,United Kingdom
24861,France
24862,France
24863,France
24864,Germany
24865,United Kingdom
24866,France
24867,Germany
24868,United Kingdom
24869,United Kingdom
24870,United Kingdom
24871,France
24872,France
24873,Germany
24874,France
24875,Germany
24876,Germany
24877,France
24878,France
24879,Germany
24880,United Kingdom
24881,United Kingdom
24882,France
24883,Germany
24884,Australia
24885,Australia
24886,Australia
24887,Australia
24888,Australia
24889,Australia
24890,Australia
24891,Australia
24892,Australia
24893,Australia
24894,Australia
24895,Australia
24896,Australia
24897,Australia
24898,Australia
24899,Australia
24900,Australia
24901,Australia
24902,Australia
24903,Australia
24904,Australia
24905,Australia
24906,Australia
24907,Australia
24908,Australia
24909,Australia
24910,Australia
24911,Australia
24912,Australia
24913,Australia
24914,Australia
24915,Australia
24916,Australia
24917,Australia
24918,Australia
24919,Australia
24920,Australia
24921,Australia
24922,Australia
24923,Australia
24924,Australia
24925,USA
24926,USA
24927,USA
24928,USA
24929,USA
24930,USA
24931,USA
24932,USA
24933,USA
24934,USA
24935,USA
24936,USA
24937,USA
24938,USA
24939,Canada
24940,USA
24941,USA
24942,USA
24943,USA
24944,USA
24945,USA
24946,USA
24947,Canada
24948,USA
24949,USA
24950,USA
24951,USA
24952,USA
24953,USA
24954,USA
24955,USA
24956,USA
24957,USA
24958,USA
24959,USA
24960,Canada
24961,USA
24962,USA
24963,USA
24964,USA
24965,USA
24966,USA
24967,Canada
24968,USA
24969,USA
24970,USA
24971,USA
24972,USA
24973,USA
24974,USA
24975,Canada
24976,Canada
24977,Canada
24978,USA
24979,USA
24980,USA
24981,USA
24982,USA
24983,USA
24984,USA
24985,USA
24986,Canada
24987,USA
24988,USA
24989,USA
24990,USA
24991,USA
24992,USA
24993,USA
24994,USA
24995,Canada
24996,USA
24997,USA
24998,USA
24999,USA
25000,USA
25001,Australia
25002,Canada
25003,USA
25004,USA
25005,USA
25006,USA
25007,USA
25008,USA
25009,Australia
25010,Australia
25011,Australia
25012,Australia
25013,Australia
25014,USA
25015,USA
25016,Canada
25017,Australia
25018,USA
25019,Australia
25020,Australia
25021,Australia
25022,Australia
25023,USA
25024,USA
25025,USA
25026,Australia
25027,Australia
25028,Australia
25029,Australia
25030,Australia
25031,Australia
25032,Australia
25033,Australia
25034,Australia
25035,Australia
25036,Australia
25037,Australia
25038,USA
25039,USA
25040,USA
25041,USA
25042,USA
25043,USA
25044,USA
25045,USA
25046,Canada
25047,USA
25048,Canada
25049,USA
25050,USA
25051,Australia
25052,Australia
25053,Australia
25054,Australia
25055,Australia
25056,Australia
25057,Australia
25058,Australia
25059,USA
25060,USA
25061,Canada
25062,Canada
25063,USA
25064,USA
25065,USA
25066,Canada
25067,USA
25068,USA
25069,USA
25070,Canada
25071,USA
25072,USA
25073,USA
25074,USA
25075,USA
25076,USA
25077,USA
25078,USA
25079,USA
25080,USA
25081,USA
25082,USA
25083,USA
25084,USA
25085,USA
25086,USA
25087,USA
25088,USA
25089,USA
25090,Canada
25091,USA
25092,USA
25093,Canada
25094,Canada
25095,Canada
25096,USA
25097,USA
25098,USA
25099,USA
25100,Canada
25101,Canada
25102,USA
25103,USA
25104,Canada
25105,USA
25106,Australia
25107,Australia
25108,Australia
25109,Australia
25110,Australia
25111,Australia
25112,Australia
25113,Australia
25114,Australia
25115,Australia
25116,Australia
25117,Australia
25118,Australia
25119,Australia
25120,Australia
25121,Australia
25122,Australia
25123,Australia
25124,Australia
25125,Australia
25126,Australia
25127,Australia
25128,Australia
25129,Australia
25130,Australia
25131,Australia
25132,Australia
25133,Australia
25134,Australia
25135,Australia
25136,Australia
25137,Australia
25138,Australia
25139,Australia
25140,Australia
25141,United Kingdom
25142,France
25143,France
25144,Germany
25145,Germany
25146,USA
25147,Canada
25148,USA
25149,USA
25150,USA
25151,USA
25152,USA
25153,USA
25154,USA
25155,USA
25156,USA
25157,Canada
25158,USA
25159,USA
25160,USA
25161,USA
25162,USA
25163,USA
25164,USA
25165,USA
25166,USA
25167,USA
25168,USA
25169,USA
25170,USA
25171,USA
25172,USA
25173,Canada
25174,USA
25175,USA
25176,USA
25177,Canada
25178,USA
25179,USA
25180,USA
25181,USA
25182,USA
25183,USA
25184,USA
25185,USA
25186,USA
25187,USA
25188,Canada
25189,USA
25190,USA
25191,USA
25192,USA
25193,USA
25194,USA
25195,USA
25196,Canada
25197,USA
25198,USA
25199,USA
25200,USA
25201,USA
25202,USA
25203,USA
25204,USA
25205,USA
25206,USA
25207,USA
25208,USA
25209,Canada
25210,Australia
25211,Australia
25212,Australia
25213,Australia
25214,Australia
25215,Australia
25216,Australia
25217,Australia
25218,Australia
25219,Australia
25220,Australia
25221,Australia
25222,Australia
25223,Australia
25224,Australia
25225,Australia
25226,Australia
25227,Australia
25228,Australia
25229,Australia
25230,Australia
25231,Australia
25232,Australia
25233,Australia
25234,Australia
25235,Australia
25236,Australia
25237,Australia
25238,Australia
25239,Australia
25240,Australia
25241,Australia
25242,Australia
25243,Australia
25244,Australia
25245,Australia
25246,Australia
25247,Australia
25248,Australia
25249,Australia
25250,Australia
25251,Australia
25252,Australia
25253,USA
25254,USA
25255,USA
25256,Canada
25257,USA
25258,USA
25259,USA
25260,USA
25261,USA
25262,Australia
25263,Australia
25264,USA
25265,Canada
25266,Australia
25267,Australia
25268,Australia
25269,Australia
25270,Australia
25271,Australia
25272,Australia
25273,Australia
25274,USA
25275,USA
25276,USA
25277,USA
25278,USA
25279,USA
25280,USA
25281,USA
25282,USA
25283,USA
25284,USA
25285,USA
25286,USA
25287,Canada
25288,Canada
25289,USA
25290,USA
25291,USA
25292,USA
25293,USA
25294,Australia
25295,Australia
25296,France
25297,Germany
25298,United Kingdom
25299,France
25300,Germany
25301,United Kingdom
25302,Germany
25303,Germany
25304,United Kingdom
25305,Germany
25306,Germany
25307,Germany
25308,United Kingdom
25309,Germany
25310,Germany
25311,France
25312,United Kingdom
25313,United Kingdom
25314,France
25315,United Kingdom
25316,France
25317,Germany
25318,Germany
25319,France
25320,France
25321,France
25322,Germany
25323,Germany
25324,United Kingdom
25325,United Kingdom
25326,France
25327,Canada
25328,Canada
25329,USA
25330,USA
25331,Canada
25332,Canada
25333,USA
25334,USA
25335,Canada
25336,USA
25337,USA
25338,USA
25339,USA
25340,Canada
25341,USA
25342,USA
25343,USA
25344,USA
25345,USA
25346,USA
25347,Canada
25348,USA
25349,Canada
25350,USA
25351,USA
25352,USA
25353,USA
25354,USA
25355,USA
25356,USA
25357,USA
25358,USA
25359,USA
25360,USA
25361,Canada
25362,USA
25363,Canada
25364,USA
25365,USA
25366,USA
25367,Canada
25368,USA
25369,USA
25370,USA
25371,Canada
25372,USA
25373,USA
25374,USA
25375,USA
25376,USA
25377,USA
25378,USA
25379,USA
25380,USA
25381,USA
25382,USA
25383,USA
25384,USA
25385,USA
25386,USA
25387,USA
25388,USA
25389,USA
25390,USA
25391,USA
25392,USA
25393,Canada
25394,USA
25395,USA
25396,USA
25397,USA
25398,USA
25399,USA
25400,USA
25401,USA
25402,USA
25403,USA
25404,USA
25405,USA
25406,USA
25407,USA
25408,Canada
25409,USA
25410,USA
25411,USA
25412,USA
25413,USA
25414,USA
25415,USA
25416,USA
25417,USA
25418,USA
25419,USA
25420,USA
25421,USA
25422,USA
25423,USA
25424,USA
25425,USA
25426,USA
25427,USA
25428,USA
25429,USA
25430,USA
25431,USA
25432,USA
25433,Canada
25434,USA
25435,USA
25436,USA
25437,Canada
25438,USA
25439,USA
25440,USA
25441,USA
25442,France
25443,Germany
25444,Germany
25445,Germany
25446,United Kingdom
25447,United Kingdom
25448,United Kingdom
25449,Germany
25450,Germany
25451,Germany
25452,France
25453,United Kingdom
25454,United Kingdom
25455,Germany
25456,France
25457,France
25458,France
25459,Germany
25460,Germany
25461,France
25462,Germany
25463,France
25464,France
25465,United Kingdom
25466,France
25467,United Kingdom
25468,Germany
25469,France
25470,United Kingdom
25471,France
25472,Germany
25473,France
25474,United Kingdom
25475,France
25476,France
25477,United Kingdom
25478,France
25479,France
25480,United Kingdom
25481,United Kingdom
25482,United Kingdom
25483,France
25484,France
25485,France
25486,Germany
25487,Germany
25488,United Kingdom
25489,United Kingdom
25490,France
25491,France
25492,Germany
25493,United Kingdom
25494,France
25495,France
25496,France
25497,Germany
25498,Germany
25499,United Kingdom
25500,United Kingdom
25501,United Kingdom
25502,United Kingdom
25503,France
25504,Germany
25505,United Kingdom
25506,United Kingdom
25507,France
25508,Germany
25509,Germany
25510,United Kingdom
25511,United Kingdom
25512,United Kingdom
25513,France
25514,France
25515,France
25516,Germany
25517,France
25518,France
25519,France
25520,France
25521,Germany
25522,Germany
25523,United Kingdom
25524,Germany
25525,Germany
25526,Germany
25527,France
25528,Germany
25529,Germany
25530,Germany
25531,United Kingdom
25532,France
25533,Germany
25534,France
25535,France
25536,Germany
25537,United Kingdom
25538,France
25539,France
25540,France
25541,Germany
25542,France
25543,Germany
25544,United Kingdom
25545,United Kingdom
25546,United Kingdom
25547,United Kingdom
25548,Germany
25549,France
25550,Germany
25551,Germany
25552,Germany
25553,United Kingdom
25554,France
25555,Australia
25556,Australia
25557,Australia
25558,Australia
25559,Australia
25560,Australia
25561,Australia
25562,Australia
25563,Australia
25564,Australia
25565,Australia
25566,Australia
25567,Australia
25568,Australia
25569,France
25570,France
25571,Germany
25572,United Kingdom
25573,United Kingdom
25574,France
25575,Germany
25576,United Kingdom
25577,United Kingdom
25578,United Kingdom
25579,France
25580,France
25581,Germany
25582,United Kingdom
25583,Germany
25584,United Kingdom
25585,United Kingdom
25586,France
25587,Germany
25588,France
25589,Germany
25590,Germany
25591,Germany
25592,United Kingdom
25593,France
25594,France
25595,Germany
25596,Germany
25597,Germany
25598,United Kingdom
25599,United Kingdom
25600,France
25601,Germany
25602,Germany
25603,United Kingdom
25604,United Kingdom
25605,United Kingdom
25606,France
25607,France
25608,United Kingdom
25609,United Kingdom
25610,Germany
25611,United Kingdom
25612,United Kingdom
25613,France
25614,France
25615,United Kingdom
25616,United Kingdom
25617,France
25618,Germany
25619,France
25620,Canada
25621,Canada
25622,USA
25623,USA
25624,USA
25625,Germany
25626,United Kingdom
25627,United Kingdom
25628,United Kingdom
25629,Germany
25630,France
25631,United Kingdom
25632,United Kingdom
25633,Germany
25634,France
25635,Germany
25636,United Kingdom
25637,United Kingdom
25638,France
25639,France
25640,Germany
25641,United Kingdom
25642,United Kingdom
25643,France
25644,France
25645,Germany
25646,United Kingdom
25647,United Kingdom
25648,France
25649,France
25650,Germany
25651,Germany
25652,France
25653,Germany
25654,France
25655,United Kingdom
25656,United Kingdom
25657,United Kingdom
25658,Germany
25659,United Kingdom
25660,France
25661,France
25662,France
25663,France
25664,Germany
25665,France
25666,France
25667,Germany
25668,United Kingdom
25669,United Kingdom
25670,France
25671,Germany
25672,France
25673,France
25674,Germany
25675,United Kingdom
25676,United Kingdom
25677,France
25678,Germany
25679,France
25680,Germany
25681,Germany
25682,United Kingdom
25683,France
25684,Germany
25685,Germany
25686,United Kingdom
25687,United Kingdom
25688,France
25689,United Kingdom
25690,United Kingdom
25691,Germany
25692,United Kingdom
25693,France
25694,France
25695,France
25696,France
25697,France
25698,France
25699,United Kingdom
25700,France
25701,United Kingdom
25702,Germany
25703,United Kingdom
25704,Australia
25705,Australia
25706,Australia
25707,Australia
25708,Australia
25709,Australia
25710,Australia
25711,Australia
25712,Australia
25713,Australia
25714,Australia
25715,Australia
25716,Australia
25717,Australia
25718,Australia
25719,Germany
25720,Germany
25721,United Kingdom
25722,France
25723,France
25724,Germany
25725,Germany
25726,United Kingdom
25727,United Kingdom
25728,United Kingdom
25729,Germany
25730,Germany
25731,United Kingdom
25732,United Kingdom
25733,France
25734,Germany
25735,Germany
25736,Germany
25737,Germany
25738,Germany
25739,United Kingdom
25740,France
25741,United Kingdom
25742,Germany
25743,France
25744,Germany
25745,Germany
25746,United Kingdom
25747,United Kingdom
25748,United Kingdom
25749,France
25750,United Kingdom
25751,Germany
25752,France
25753,United Kingdom
25754,Germany
25755,United Kingdom
25756,Germany
25757,United Kingdom
25758,Germany
25759,France
25760,United Kingdom
25761,United Kingdom
25762,Germany
25763,USA
25764,USA
25765,USA
25766,USA
25767,USA
25768,Germany
25769,Germany
25770,France
25771,Germany
25772,Germany
25773,Germany
25774,United Kingdom
25775,United Kingdom
25776,United Kingdom
25777,France
25778,United Kingdom
25779,Germany
25780,Germany
25781,United Kingdom
25782,United Kingdom
25783,United Kingdom
25784,United Kingdom
25785,United Kingdom
25786,France
25787,France
25788,Germany
25789,France
25790,France
25791,France
25792,Germany
25793,Germany
25794,Germany
25795,Germany
25796,United Kingdom
25797,France
25798,United Kingdom
25799,United Kingdom
25800,United Kingdom
25801,United Kingdom
25802,Germany
25803,Germany
25804,United Kingdom
25805,United Kingdom
25806,France
25807,France
25808,France
25809,Australia
25810,Australia
25811,Australia
25812,Australia
25813,Australia
25814,Australia
25815,Australia
25816,Australia
25817,Australia
25818,Australia
25819,Australia
25820,Australia
25821,Australia
25822,Australia
25823,Australia
25824,Australia
25825,Australia
25826,Australia
25827,Australia
25828,Australia
25829,Australia
25830,Australia
25831,Australia
25832,Australia
25833,USA
25834,USA
25835,USA
25836,USA
25837,USA
25838,USA
25839,USA
25840,USA
25841,USA
25842,USA
25843,USA
25844,USA
25845,Canada
25846,USA
25847,USA
25848,USA
25849,USA
25850,Canada
25851,USA
25852,USA
25853,USA
25854,USA
25855,USA
25856,USA
25857,USA
25858,USA
25859,USA
25860,USA
25861,USA
25862,USA
25863,USA
25864,Canada
25865,USA
25866,USA
25867,USA
25868,USA
25869,USA
25870,USA
25871,USA
25872,USA
25873,Canada
25874,USA
25875,Canada
25876,USA
25877,USA
25878,USA
25879,USA
25880,USA
25881,USA
25882,USA
25883,Canada
25884,Canada
25885,Canada
25886,USA
25887,USA
25888,USA
25889,USA
25890,USA
25891,USA
25892,Canada
25893,USA
25894,USA
25895,USA
25896,USA
25897,USA
25898,USA
25899,USA
25900,USA
25901,USA
25902,USA
25903,USA
25904,USA
25905,USA
25906,Australia
25907,Australia
25908,USA
25909,USA
25910,USA
25911,Canada
25912,Australia
25913,Australia
25914,USA
25915,USA
25916,USA
25917,USA
25918,Australia
25919,Australia
25920,Australia
25921,Australia
25922,Australia
25923,Australia
25924,USA
25925,Canada
25926,Australia
25927,Australia
25928,Australia
25929,USA
25930,USA
25931,USA
25932,USA
25933,USA
25934,USA
25935,Australia
25936,Australia
25937,Australia
25938,Australia
25939,Australia
25940,Australia
25941,Australia
25942,USA
25943,USA
25944,Australia
25945,Australia
25946,Australia
25947,Australia
25948,Australia
25949,Australia
25950,USA
25951,USA
25952,USA
25953,USA
25954,USA
25955,USA
25956,USA
25957,USA
25958,Australia
25959,USA
25960,Australia
25961,Australia
25962,USA
25963,USA
25964,USA
25965,USA
25966,USA
25967,USA
25968,USA
25969,USA
25970,USA
25971,Canada
25972,USA
25973,USA
25974,USA
25975,USA
25976,USA
25977,USA
25978,USA
25979,USA
25980,USA
25981,Canada
25982,USA
25983,USA
25984,USA
25985,USA
25986,USA
25987,USA
25988,USA
25989,Canada
25990,USA
25991,Canada
25992,Canada
25993,USA
25994,USA
25995,Canada
25996,USA
25997,USA
25998,USA
25999,Canada
26000,USA
26001,USA
26002,USA
26003,USA
26004,USA
26005,USA
26006,USA
26007,USA
26008,USA
26009,USA
26010,USA
26011,USA
26012,USA
26013,Canada
26014,USA
26015,USA
26016,USA
26017,USA
26018,USA
26019,Australia
26020,Australia
26021,Australia
26022,Australia
26023,Australia
26024,Australia
26025,Australia
26026,Australia
26027,Australia
26028,Australia
26029,Australia
26030,Australia
26031,Australia
26032,Australia
26033,Australia
26034,Australia
26035,Australia
26036,Australia
26037,United Kingdom
26038,Germany
26039,USA
26040,Canada
26041,USA
26042,USA
26043,USA
26044,USA
26045,USA
26046,USA
26047,USA
26048,USA
26049,Canada
26050,USA
26051,Canada
26052,USA
26053,USA
26054,USA
26055,USA
26056,USA
26057,USA
26058,USA
26059,USA
26060,USA
26061,USA
26062,USA
26063,USA
26064,USA
26065,USA
26066,USA
26067,USA
26068,USA
26069,Canada
26070,USA
26071,USA
26072,USA
26073,Canada
26074,Canada
26075,USA
26076,Canada
26077,Canada
26078,USA
26079,USA
26080,USA
26081,USA
26082,USA
26083,USA
26084,USA
26085,Canada
26086,USA
26087,USA
26088,USA
26089,USA
26090,USA
26091,USA
26092,USA
26093,USA
26094,USA
26095,Canada
26096,USA
26097,USA
26098,USA
26099,Canada
26100,Canada
26101,USA
26102,USA
26103,USA
26104,USA
26105,USA
26106,USA
26107,USA
26108,USA
26109,USA
26110,USA
26111,USA
26112,USA
26113,Canada
26114,USA
26115,Canada
26116,USA
26117,USA
26118,USA
26119,USA
26120,USA
26121,USA
26122,USA
26123,USA
26124,USA
26125,USA
26126,USA
26127,USA
26128,USA
26129,Australia
26130,Australia
26131,Australia
26132,Australia
26133,Australia
26134,Australia
26135,Australia
26136,Australia
26137,Australia
26138,Australia
26139,Australia
26140,Australia
26141,Australia
26142,Australia
26143,Australia
26144,Australia
26145,Australia
26146,Australia
26147,Australia
26148,Australia
26149,Australia
26150,Australia
26151,Australia
26152,Australia
26153,Australia
26154,Australia
26155,Australia
26156,Australia
26157,Australia
26158,Australia
26159,Australia
26160,Australia
26161,Australia
26162,Australia
26163,Australia
26164,Australia
26165,Australia
26166,Australia
26167,Australia
26168,USA
26169,USA
26170,USA
26171,USA
26172,USA
26173,Canada
26174,USA
26175,USA
26176,Canada
26177,Canada
26178,USA
26179,Australia
26180,Canada
26181,USA
26182,Australia
26183,USA
26184,USA
26185,Canada
26186,Australia
26187,Australia
26188,Australia
26189,Australia
26190,Australia
26191,Australia
26192,Australia
26193,USA
26194,USA
26195,USA
26196,USA
26197,USA
26198,USA
26199,USA
26200,Canada
26201,USA
26202,Canada
26203,USA
26204,Australia
26205,United Kingdom
26206,United Kingdom
26207,United Kingdom
26208,United Kingdom
26209,Germany
26210,United Kingdom
26211,United Kingdom
26212,Germany
26213,France
26214,United Kingdom
26215,United Kingdom
26216,United Kingdom
26217,United Kingdom
26218,United Kingdom
26219,United Kingdom
26220,United Kingdom
26221,Germany
26222,United Kingdom
26223,Germany
26224,France
26225,France
26226,Germany
26227,Germany
26228,Germany
26229,Germany
26230,Germany
26231,France
26232,United Kingdom
26233,Germany
26234,USA
26235,Canada
26236,USA
26237,USA
26238,USA
26239,USA
26240,USA
26241,USA
26242,Canada
26243,USA
26244,USA
26245,USA
26246,USA
26247,USA
26248,USA
26249,USA
26250,USA
26251,USA
26252,USA
26253,USA
26254,USA
26255,USA
26256,USA
26257,USA
26258,USA
26259,USA
26260,USA
26261,USA
26262,USA
26263,USA
26264,USA
26265,USA
26266,USA
26267,USA
26268,USA
26269,Canada
26270,Canada
26271,USA
26272,USA
26273,USA
26274,USA
26275,USA
26276,USA
26277,USA
26278,USA
26279,Canada
26280,USA
26281,USA
26282,USA
26283,USA
26284,USA
26285,USA
26286,USA
26287,USA
26288,USA
26289,USA
26290,USA
26291,USA
26292,USA
26293,USA
26294,Canada
26295,USA
26296,USA
26297,USA
26298,USA
26299,USA
26300,USA
26301,USA
26302,USA
26303,USA
26304,USA
26305,USA
26306,USA
26307,USA
26308,USA
26309,USA
26310,Canada
26311,USA
26312,USA
26313,USA
26314,USA
26315,USA
26316,Canada
26317,USA
26318,Canada
26319,USA
26320,USA
26321,Canada
26322,USA
26323,USA
26324,USA
26325,USA
26326,USA
26327,USA
26328,USA
26329,USA
26330,USA
26331,USA
26332,USA
26333,USA
26334,USA
26335,USA
26336,USA
26337,USA
26338,USA
26339,USA
26340,USA
26341,USA
26342,USA
26343,USA
26344,USA
26345,USA
26346,USA
26347,USA
26348,Canada
26349,USA
26350,Canada
26351,USA
26352,Germany
26353,Germany
26354,Germany
26355,France
26356,United Kingdom
26357,France
26358,Germany
26359,United Kingdom
26360,United Kingdom
26361,United Kingdom
26362,Germany
26363,Germany
26364,United Kingdom
26365,France
26366,Germany
26367,France
26368,France
26369,France
26370,Germany
26371,France
26372,United Kingdom
26373,Canada
26374,Australia
26375,Australia
26376,USA
26377,Canada
26378,Germany
26379,United Kingdom
26380,France
26381,Germany
26382,Germany
26383,France
26384,France
26385,Germany
26386,United Kingdom
26387,United Kingdom
26388,France
26389,France
26390,United Kingdom
26391,France
26392,Germany
26393,Germany
26394,France
26395,Germany
26396,Germany
26397,United Kingdom
26398,United Kingdom
26399,Germany
26400,United Kingdom
26401,United Kingdom
26402,France
26403,Germany
26404,United Kingdom
26405,France
26406,France
26407,United Kingdom
26408,United Kingdom
26409,United Kingdom
26410,France
26411,United Kingdom
26412,France
26413,France
26414,Germany
26415,Germany
26416,United Kingdom
26417,United Kingdom
26418,France
26419,Germany
26420,Germany
26421,Australia
26422,Australia
26423,Australia
26424,Australia
26425,Australia
26426,Australia
26427,Australia
26428,Australia
26429,Australia
26430,Australia
26431,Australia
26432,Australia
26433,Australia
26434,Australia
26435,Australia
26436,Australia
26437,Australia
26438,Australia
26439,Australia
26440,Australia
26441,Australia
26442,Australia
26443,Australia
26444,Australia
26445,Australia
26446,Australia
26447,Australia
26448,USA
26449,Canada
26450,USA
26451,USA
26452,USA
26453,USA
26454,USA
26455,USA
26456,Canada
26457,USA
26458,USA
26459,USA
26460,USA
26461,Canada
26462,USA
26463,USA
26464,USA
26465,USA
26466,USA
26467,USA
26468,USA
26469,USA
26470,USA
26471,USA
26472,USA
26473,USA
26474,Canada
26475,USA
26476,USA
26477,USA
26478,USA
26479,USA
26480,USA
26481,USA
26482,Canada
26483,USA
26484,USA
26485,USA
26486,USA
26487,USA
26488,Canada
26489,USA
26490,USA
26491,USA
26492,USA
26493,USA
26494,USA
26495,Canada
26496,Canada
26497,USA
26498,USA
26499,USA
26500,USA
26501,USA
26502,USA
26503,Canada
26504,Canada
26505,Canada
26506,USA
26507,USA
26508,USA
26509,USA
26510,USA
26511,USA
26512,Canada
26513,USA
26514,USA
26515,USA
26516,USA
26517,USA
26518,USA
26519,USA
26520,USA
26521,USA
26522,USA
26523,USA
26524,USA
26525,USA
26526,USA
26527,Canada
26528,USA
26529,Canada
26530,USA
26531,USA
26532,USA
26533,Canada
26534,USA
26535,USA
26536,USA
26537,USA
26538,USA
26539,USA
26540,USA
26541,USA
26542,USA
26543,Australia
26544,USA
26545,USA
26546,USA
26547,Australia
26548,Australia
26549,Australia
26550,USA
26551,USA
26552,USA
26553,USA
26554,USA
26555,USA
26556,USA
26557,USA
26558,Australia
26559,Australia
26560,Australia
26561,Australia
26562,Australia
26563,Australia
26564,Australia
26565,Australia
26566,Australia
26567,Australia
26568,Australia
26569,Australia
26570,Australia
26571,Australia
26572,Canada
26573,USA
26574,USA
26575,USA
26576,USA
26577,USA
26578,USA
26579,USA
26580,USA
26581,USA
26582,Canada
26583,USA
26584,USA
26585,Australia
26586,USA
26587,Australia
26588,Australia
26589,Australia
26590,Australia
26591,Australia
26592,Australia
26593,USA
26594,USA
26595,USA
26596,USA
26597,USA
26598,USA
26599,USA
26600,USA
26601,USA
26602,USA
26603,USA
26604,USA
26605,USA
26606,USA
26607,USA
26608,USA
26609,USA
26610,USA
26611,USA
26612,USA
26613,USA
26614,USA
26615,Canada
26616,USA
26617,USA
26618,USA
26619,USA
26620,Canada
26621,USA
26622,USA
26623,USA
26624,USA
26625,USA
26626,USA
26627,USA
26628,USA
26629,Canada
26630,Canada
26631,USA
26632,USA
26633,USA
26634,USA
26635,USA
26636,USA
26637,USA
26638,USA
26639,USA
26640,Canada
26641,USA
26642,USA
26643,Canada
26644,USA
26645,USA
26646,USA
26647,USA
26648,USA
26649,USA
26650,USA
26651,Australia
26652,Australia
26653,Australia
26654,Australia
26655,Australia
26656,Australia
26657,Australia
26658,Australia
26659,Australia
26660,Australia
26661,Australia
26662,Australia
26663,Australia
26664,Australia
26665,Australia
26666,Australia
26667,Australia
26668,Australia
26669,Australia
26670,Australia
26671,Australia
26672,Australia
26673,Australia
26674,USA
26675,USA
26676,USA
26677,USA
26678,Canada
26679,USA
26680,USA
26681,USA
26682,Canada
26683,Canada
26684,USA
26685,USA
26686,Canada
26687,USA
26688,USA
26689,USA
26690,USA
26691,USA
26692,Canada
26693,Canada
26694,USA
26695,USA
26696,USA
26697,USA
26698,USA
26699,Canada
26700,Canada
26701,Canada
26702,USA
26703,USA
26704,USA
26705,USA
26706,Canada
26707,USA
26708,USA
26709,USA
26710,USA
26711,USA
26712,USA
26713,USA
26714,USA
26715,USA
26716,Canada
26717,USA
26718,USA
26719,USA
26720,USA
26721,USA
26722,USA
26723,USA
26724,USA
26725,USA
26726,USA
26727,USA
26728,USA
26729,USA
26730,Canada
26731,USA
26732,USA
26733,USA
26734,USA
26735,USA
26736,USA
26737,USA
26738,USA
26739,Australia
26740,Australia
26741,Australia
26742,Australia
26743,Australia
26744,Australia
26745,Australia
26746,Australia
26747,Australia
26748,Australia
26749,Australia
26750,Australia
26751,Australia
26752,Australia
26753,Australia
26754,Australia
26755,Australia
26756,Australia
26757,Australia
26758,Australia
26759,Australia
26760,Australia
26761,Australia
26762,Australia
26763,Australia
26764,Australia
26765,Australia
26766,Australia
26767,Australia
26768,Australia
26769,Australia
26770,Australia
26771,Australia
26772,Australia
26773,Australia
26774,Australia
26775,USA
26776,USA
26777,USA
26778,USA
26779,USA
26780,USA
26781,USA
26782,Canada
26783,USA
26784,Australia
26785,Australia
26786,USA
26787,USA
26788,USA
26789,Canada
26790,USA
26791,USA
26792,USA
26793,USA
26794,USA
26795,Australia
26796,Australia
26797,Australia
26798,USA
26799,USA
26800,USA
26801,USA
26802,Canada
26803,USA
26804,USA
26805,USA
26806,Canada
26807,USA
26808,USA
26809,USA
26810,Canada
26811,USA
26812,USA
26813,USA
26814,USA
26815,USA
26816,France
26817,United Kingdom
26818,Germany
26819,Germany
26820,United Kingdom
26821,Germany
26822,Germany
26823,Germany
26824,United Kingdom
26825,Germany
26826,Germany
26827,France
26828,France
26829,Germany
26830,United Kingdom
26831,Germany
26832,Germany
26833,United Kingdom
26834,United Kingdom
26835,France
26836,United Kingdom
26837,United Kingdom
26838,France
26839,France
26840,France
26841,France
26842,United Kingdom
26843,Germany
26844,United Kingdom
26845,Germany
26846,United Kingdom
26847,Germany
26848,United Kingdom
26849,United Kingdom
26850,United Kingdom
26851,Germany
26852,Germany
26853,France
26854,France
26855,France
26856,France
26857,Germany
26858,United Kingdom
26859,France
26860,United Kingdom
26861,France
26862,Germany
26863,United Kingdom
26864,Germany
26865,United Kingdom
26866,United Kingdom
26867,Germany
26868,United Kingdom
26869,United Kingdom
26870,United Kingdom
26871,France
26872,Germany
26873,Germany
26874,Germany
26875,Germany
26876,United Kingdom
26877,United Kingdom
26878,Germany
26879,Germany
26880,Germany
26881,France
26882,France
26883,France
26884,Germany
26885,United Kingdom
26886,United Kingdom
26887,United Kingdom
26888,United Kingdom
26889,Germany
26890,United Kingdom
26891,United Kingdom
26892,United Kingdom
26893,United Kingdom
26894,Germany
26895,United Kingdom
26896,United Kingdom
26897,United Kingdom
26898,France
26899,Germany
26900,United Kingdom
26901,United Kingdom
26902,France
26903,France
26904,France
26905,United Kingdom
26906,United Kingdom
26907,France
26908,France
26909,France
26910,United Kingdom
26911,United Kingdom
26912,Germany
26913,United Kingdom
26914,United Kingdom
26915,United Kingdom
26916,Australia
26917,Australia
26918,Australia
26919,Australia
26920,Australia
26921,Australia
26922,Australia
26923,Australia
26924,Australia
26925,France
26926,France
26927,France
26928,United Kingdom
26929,United Kingdom
26930,Germany
26931,United Kingdom
26932,United Kingdom
26933,Germany
26934,United Kingdom
26935,France
26936,Germany
26937,United Kingdom
26938,United Kingdom
26939,France
26940,Germany
26941,France
26942,United Kingdom
26943,France
26944,United Kingdom
26945,France
26946,Germany
26947,United Kingdom
26948,Germany
26949,United Kingdom
26950,France
26951,Germany
26952,France
26953,France
26954,Germany
26955,United Kingdom
26956,United Kingdom
26957,Germany
26958,France
26959,United Kingdom
26960,United Kingdom
26961,Germany
26962,United Kingdom
26963,Germany
26964,France
26965,France
26966,United Kingdom
26967,Australia
26968,Australia
26969,Germany
26970,United Kingdom
26971,United Kingdom
26972,France
26973,United Kingdom
26974,Germany
26975,France
26976,France
26977,Germany
26978,United Kingdom
26979,United Kingdom
26980,Germany
26981,Germany
26982,France
26983,Germany
26984,Germany
26985,Germany
26986,Germany
26987,Germany
26988,Germany
26989,Germany
26990,Germany
26991,Germany
26992,United Kingdom
26993,United Kingdom
26994,France
26995,France
26996,Germany
26997,Germany
26998,Germany
26999,United Kingdom
27000,Germany
27001,Germany
27002,United Kingdom
27003,Germany
27004,Germany
27005,France
27006,France
27007,United Kingdom
27008,United Kingdom
27009,United Kingdom
27010,USA
27011,USA
27012,USA
27013,USA
27014,Canada
27015,USA
27016,USA
27017,USA
27018,USA
27019,Canada
27020,USA
27021,USA
27022,Canada
27023,USA
27024,Canada
27025,USA
27026,Canada
27027,Canada
27028,Canada
27029,USA
27030,USA
27031,USA
27032,USA
27033,USA
27034,USA
27035,USA
27036,USA
27037,USA
27038,USA
27039,USA
27040,USA
27041,USA
27042,Canada
27043,Canada
27044,USA
27045,USA
27046,USA
27047,USA
27048,USA
27049,Canada
27050,USA
27051,USA
27052,USA
27053,Canada
27054,USA
27055,USA
27056,USA
27057,USA
27058,USA
27059,USA
27060,Canada
27061,Canada
27062,Canada
27063,USA
27064,USA
27065,USA
27066,USA
27067,USA
27068,USA
27069,USA
27070,USA
27071,Canada
27072,USA
27073,USA
27074,USA
27075,Canada
27076,USA
27077,USA
27078,USA
27079,USA
27080,USA
27081,USA
27082,Canada
27083,USA
27084,Canada
27085,Canada
27086,USA
27087,USA
27088,USA
27089,USA
27090,USA
27091,USA
27092,USA
27093,USA
27094,USA
27095,USA
27096,USA
27097,USA
27098,USA
27099,Canada
27100,Canada
27101,Canada
27102,Canada
27103,USA
27104,USA
27105,USA
27106,USA
27107,USA
27108,USA
27109,USA
27110,Canada
27111,Canada
27112,Canada
27113,USA
27114,USA
27115,USA
27116,USA
27117,USA
27118,France
27119,Germany
27120,Germany
27121,United Kingdom
27122,France
27123,France
27124,France
27125,United Kingdom
27126,France
27127,Germany
27128,France
27129,Germany
27130,United Kingdom
27131,United Kingdom
27132,United Kingdom
27133,France
27134,France
27135,France
27136,Germany
27137,United Kingdom
27138,France
27139,Germany
27140,United Kingdom
27141,United Kingdom
27142,France
27143,France
27144,Australia
27145,Australia
27146,Australia
27147,Australia
27148,Australia
27149,Australia
27150,Australia
27151,United Kingdom
27152,United Kingdom
27153,France
27154,Germany
27155,France
27156,United Kingdom
27157,Germany
27158,United Kingdom
27159,France
27160,Germany
27161,Germany
27162,United Kingdom
27163,France
27164,United Kingdom
27165,United Kingdom
27166,France
27167,France
27168,United Kingdom
27169,Germany
27170,France
27171,United Kingdom
27172,Germany
27173,Germany
27174,Germany
27175,United Kingdom
27176,Germany
27177,United Kingdom
27178,Germany
27179,United Kingdom
27180,Germany
27181,France
27182,France
27183,Germany
27184,Germany
27185,United Kingdom
27186,United Kingdom
27187,Germany
27188,Germany
27189,USA
27190,USA
27191,Canada
27192,USA
27193,USA
27194,USA
27195,USA
27196,Canada
27197,USA
27198,USA
27199,USA
27200,USA
27201,USA
27202,USA
27203,USA
27204,USA
27205,USA
27206,USA
27207,USA
27208,Canada
27209,USA
27210,USA
27211,USA
27212,USA
27213,USA
27214,USA
27215,Canada
27216,USA
27217,USA
27218,USA
27219,USA
27220,USA
27221,USA
27222,USA
27223,USA
27224,USA
27225,USA
27226,USA
27227,USA
27228,USA
27229,USA
27230,Canada
27231,USA
27232,USA
27233,USA
27234,USA
27235,USA
27236,USA
27237,USA
27238,USA
27239,USA
27240,USA
27241,USA
27242,Canada
27243,Canada
27244,USA
27245,USA
27246,USA
27247,USA
27248,USA
27249,USA
27250,USA
27251,USA
27252,Canada
27253,Canada
27254,USA
27255,USA
27256,USA
27257,USA
27258,USA
27259,Canada
27260,USA
27261,USA
27262,USA
27263,USA
27264,USA
27265,Canada
27266,USA
27267,Canada
27268,USA
27269,USA
27270,Canada
27271,USA
27272,USA
27273,USA
27274,USA
27275,USA
27276,USA
27277,USA
27278,USA
27279,USA
27280,USA
27281,USA
27282,Canada
27283,Canada
27284,USA
27285,Canada
27286,USA
27287,USA
27288,USA
27289,USA
27290,USA
27291,USA
27292,USA
27293,USA
27294,USA
27295,USA
27296,USA
27297,Canada
27298,Canada
27299,Australia
27300,Canada
27301,USA
27302,France
27303,France
27304,France
27305,United Kingdom
27306,France
27307,Germany
27308,United Kingdom
27309,Germany
27310,Germany
27311,France
27312,Germany
27313,France
27314,Germany
27315,Germany
27316,Germany
27317,United Kingdom
27318,France
27319,United Kingdom
27320,Germany
27321,Germany
27322,France
27323,France
27324,France
27325,Germany
27326,France
27327,Germany
27328,France
27329,France
27330,Germany
27331,United Kingdom
27332,France
27333,Germany
27334,France
27335,France
27336,Germany
27337,United Kingdom
27338,Australia
27339,Australia
27340,Australia
27341,Australia
27342,Australia
27343,Australia
27344,Australia
27345,Australia
27346,Australia
27347,Australia
27348,Australia
27349,Australia
27350,Australia
27351,Australia
27352,Australia
27353,Australia
27354,Australia
27355,Australia
27356,Australia
27357,Australia
27358,Australia
27359,Australia
27360,Australia
27361,Australia
27362,Australia
27363,Australia
27364,Australia
27365,Australia
27366,Australia
27367,Australia
27368,Australia
27369,Australia
27370,Australia
27371,Australia
27372,USA
27373,USA
27374,USA
27375,USA
27376,USA
27377,Canada
27378,Canada
27379,USA
27380,Canada
27381,USA
27382,USA
27383,USA
27384,Canada
27385,USA
27386,USA
27387,USA
27388,USA
27389,USA
27390,USA
27391,USA
27392,USA
27393,Canada
27394,USA
27395,USA
27396,USA
27397,USA
27398,USA
27399,USA
27400,Canada
27401,Canada
27402,Canada
27403,Canada
27404,Canada
27405,USA
27406,Canada
27407,USA
27408,USA
27409,USA
27410,USA
27411,USA
27412,USA
27413,Canada
27414,Canada
27415,Canada
27416,USA
27417,USA
27418,USA
27419,Canada
27420,Canada
27421,USA
27422,USA
27423,USA
27424,USA
27425,USA
27426,USA
27427,USA
27428,Canada
27429,Canada
27430,USA
27431,USA
27432,USA
27433,USA
27434,USA
27435,USA
27436,Canada
27437,Canada
27438,USA
27439,USA
27440,USA
27441,Canada
27442,USA
27443,USA
27444,USA
27445,USA
27446,USA
27447,USA
27448,USA
27449,USA
27450,USA
27451,Canada
27452,USA
27453,USA
27454,Canada
27455,USA
27456,USA
27457,USA
27458,USA
27459,USA
27460,USA
27461,USA
27462,USA
27463,USA
27464,Australia
27465,USA
27466,USA
27467,USA
27468,USA
27469,Australia
27470,Australia
27471,Australia
27472,Australia
27473,Australia
27474,USA
27475,USA
27476,USA
27477,USA
27478,USA
27479,USA
27480,USA
27481,USA
27482,Australia
27483,Australia
27484,Australia
27485,Australia
27486,Australia
27487,Australia
27488,Australia
27489,Australia
27490,Australia
27491,Australia
27492,Australia
27493,Australia
27494,Australia
27495,Australia
27496,Australia
27497,Australia
27498,Australia
27499,Australia
27500,Australia
27501,Australia
27502,Canada
27503,USA
27504,USA
27505,USA
27506,USA
27507,USA
27508,USA
27509,USA
27510,USA
27511,Australia
27512,Australia
27513,Australia
27514,Australia
27515,Australia
27516,Australia
27517,Australia
27518,Australia
27519,Australia
27520,Australia
27521,USA
27522,Canada
27523,USA
27524,USA
27525,USA
27526,USA
27527,USA
27528,USA
27529,USA
27530,USA
27531,USA
27532,USA
27533,USA
27534,USA
27535,USA
27536,Canada
27537,USA
27538,USA
27539,USA
27540,USA
27541,USA
27542,USA
27543,USA
27544,USA
27545,Canada
27546,USA
27547,USA
27548,USA
27549,USA
27550,Canada
27551,USA
27552,USA
27553,USA
27554,USA
27555,USA
27556,USA
27557,Canada
27558,USA
27559,USA
27560,Canada
27561,USA
27562,Canada
27563,USA
27564,USA
27565,USA
27566,USA
27567,USA
27568,USA
27569,USA
27570,USA
27571,USA
27572,USA
27573,USA
27574,USA
27575,USA
27576,USA
27577,USA
27578,USA
27579,USA
27580,Australia
27581,Australia
27582,Australia
27583,Australia
27584,Australia
27585,Australia
27586,Australia
27587,Australia
27588,Australia
27589,Australia
27590,Australia
27591,Australia
27592,Australia
27593,Australia
27594,Australia
27595,Australia
27596,Australia
27597,Australia
27598,Australia
27599,Australia
27600,USA
27601,USA
27602,Canada
27603,USA
27604,USA
27605,USA
27606,USA
27607,Canada
27608,USA
27609,USA
27610,USA
27611,USA
27612,USA
27613,Canada
27614,USA
27615,USA
27616,USA
27617,USA
27618,USA
27619,USA
27620,USA
27621,USA
27622,USA
27623,USA
27624,USA
27625,USA
27626,USA
27627,USA
27628,Canada
27629,USA
27630,USA
27631,USA
27632,Canada
27633,Canada
27634,Canada
27635,USA
27636,USA
27637,USA
27638,USA
27639,USA
27640,USA
27641,USA
27642,USA
27643,Canada
27644,USA
27645,USA
27646,USA
27647,USA
27648,USA
27649,USA
27650,USA
27651,USA
27652,USA
27653,Canada
27654,USA
27655,USA
27656,Canada
27657,USA
27658,USA
27659,USA
27660,USA
27661,USA
27662,USA
27663,USA
27664,USA
27665,USA
27666,USA
27667,USA
27668,USA
27669,USA
27670,USA
27671,USA
27672,Canada
27673,USA
27674,USA
27675,USA
27676,USA
27677,USA
27678,USA
27679,USA
27680,USA
27681,USA
27682,USA
27683,USA
27684,USA
27685,Australia
27686,Australia
27687,Australia
27688,Australia
27689,Australia
27690,Australia
27691,Australia
27692,Australia
27693,Australia
27694,Australia
27695,Australia
27696,Australia
27697,Australia
27698,Australia
27699,Australia
27700,Australia
27701,Australia
27702,Australia
27703,Australia
27704,Australia
27705,Australia
27706,Australia
27707,Australia
27708,Australia
27709,Australia
27710,Australia
27711,Australia
27712,Australia
27713,Australia
27714,Australia
27715,Australia
27716,Australia
27717,Australia
27718,Australia
27719,Australia
27720,Australia
27721,Australia
27722,Australia
27723,Australia
27724,Canada
27725,Canada
27726,USA
27727,USA
27728,Australia
27729,USA
27730,USA
27731,Canada
27732,USA
27733,Australia
27734,Canada
27735,USA
27736,USA
27737,USA
27738,Canada
27739,Canada
27740,USA
27741,USA
27742,USA
27743,Australia
27744,Australia
27745,Australia
27746,Australia
27747,USA
27748,USA
27749,USA
27750,USA
27751,USA
27752,Canada
27753,USA
27754,USA
27755,USA
27756,Canada
27757,Canada
27758,Canada
27759,USA
27760,France
27761,Germany
27762,United Kingdom
27763,France
27764,France
27765,Germany
27766,Germany
27767,Germany
27768,France
27769,France
27770,Germany
27771,France
27772,France
27773,France
27774,Germany
27775,Germany
27776,France
27777,Germany
27778,United Kingdom
27779,France
27780,France
27781,United Kingdom
27782,United Kingdom
27783,United Kingdom
27784,France
27785,United Kingdom
27786,United Kingdom
27787,Germany
27788,United Kingdom
27789,United Kingdom
27790,United Kingdom
27791,Germany
27792,Germany
27793,France
27794,United Kingdom
27795,France
27796,France
27797,Germany
27798,Germany
27799,United Kingdom
27800,United Kingdom
27801,Germany
27802,United Kingdom
27803,France
27804,United Kingdom
27805,France
27806,United Kingdom
27807,France
27808,France
27809,Germany
27810,United Kingdom
27811,Germany
27812,France
27813,Germany
27814,Germany
27815,United Kingdom
27816,France
27817,United Kingdom
27818,United Kingdom
27819,United Kingdom
27820,United Kingdom
27821,United Kingdom
27822,United Kingdom
27823,Germany
27824,France
27825,Germany
27826,Germany
27827,United Kingdom
27828,United Kingdom
27829,France
27830,Germany
27831,Germany
27832,Germany
27833,United Kingdom
27834,France
27835,France
27836,France
27837,United Kingdom
27838,Germany
27839,United Kingdom
27840,France
27841,United Kingdom
27842,United Kingdom
27843,Germany
27844,France
27845,France
27846,France
27847,United Kingdom
27848,United Kingdom
27849,France
27850,France
27851,France
27852,United Kingdom
27853,France
27854,France
27855,Germany
27856,United Kingdom
27857,France
27858,Germany
27859,Germany
27860,Australia
27861,Australia
27862,Australia
27863,Australia
27864,Australia
27865,Australia
27866,Australia
27867,Australia
27868,Australia
27869,Australia
27870,Australia
27871,Australia
27872,Australia
27873,Australia
27874,Australia
27875,Australia
27876,Australia
27877,Australia
27878,Australia
27879,Australia
27880,United Kingdom
27881,France
27882,Germany
27883,Germany
27884,Germany
27885,United Kingdom
27886,France
27887,France
27888,France
27889,France
27890,United Kingdom
27891,United Kingdom
27892,United Kingdom
27893,France
27894,United Kingdom
27895,France
27896,United Kingdom
27897,Germany
27898,France
27899,France
27900,Germany
27901,United Kingdom
27902,Germany
27903,France
27904,United Kingdom
27905,United Kingdom
27906,United Kingdom
27907,United Kingdom
27908,Germany
27909,United Kingdom
27910,Australia
27911,USA
27912,USA
27913,USA
27914,USA
27915,USA
27916,USA
27917,USA
27918,USA
27919,USA
27920,USA
27921,Canada
27922,USA
27923,Germany
27924,Germany
27925,United Kingdom
27926,France
27927,United Kingdom
27928,United Kingdom
27929,United Kingdom
27930,Germany
27931,Germany
27932,Germany
27933,France
27934,France
27935,France
27936,France
27937,Germany
27938,United Kingdom
27939,United Kingdom
27940,United Kingdom
27941,Germany
27942,France
27943,Germany
27944,Germany
27945,United Kingdom
27946,United Kingdom
27947,Germany
27948,Germany
27949,United Kingdom
27950,France
27951,France
27952,Germany
27953,United Kingdom
27954,France
27955,United Kingdom
27956,United Kingdom
27957,United Kingdom
27958,United Kingdom
27959,Germany
27960,Germany
27961,France
27962,France
27963,Germany
27964,United Kingdom
27965,United Kingdom
27966,France
27967,United Kingdom
27968,Australia
27969,Australia
27970,Australia
27971,Australia
27972,Australia
27973,Australia
27974,Australia
27975,Australia
27976,Australia
27977,Australia
27978,Australia
27979,Australia
27980,Australia
27981,Australia
27982,Australia
27983,Australia
27984,Australia
27985,Australia
27986,Australia
27987,Australia
27988,USA
27989,USA
27990,USA
27991,USA
27992,USA
27993,USA
27994,USA
27995,USA
27996,USA
27997,USA
27998,Canada
27999,USA
28000,Canada
28001,USA
28002,USA
28003,USA
28004,USA
28005,USA
28006,USA
28007,USA
28008,USA
28009,USA
28010,USA
28011,USA
28012,USA
28013,Canada
28014,USA
28015,USA
28016,USA
28017,USA
28018,USA
28019,USA
28020,USA
28021,Canada
28022,USA
28023,USA
28024,USA
28025,Canada
28026,USA
28027,Canada
28028,USA
28029,USA
28030,USA
28031,USA
28032,USA
28033,USA
28034,Canada
28035,Canada
28036,Canada
28037,USA
28038,USA
28039,USA
28040,USA
28041,USA
28042,USA
28043,USA
28044,USA
28045,Canada
28046,Canada
28047,USA
28048,USA
28049,USA
28050,USA
28051,Canada
28052,USA
28053,USA
28054,USA
28055,USA
28056,USA
28057,USA
28058,USA
28059,USA
28060,USA
28061,USA
28062,USA
28063,USA
28064,USA
28065,USA
28066,USA
28067,USA
28068,USA
28069,Canada
28070,USA
28071,USA
28072,Canada
28073,Canada
28074,Canada
28075,USA
28076,USA
28077,USA
28078,USA
28079,Canada
28080,Canada
28081,USA
28082,USA
28083,USA
28084,USA
28085,USA
28086,USA
28087,USA
28088,USA
28089,USA
28090,USA
28091,Australia
28092,Canada
28093,USA
28094,USA
28095,USA
28096,USA
28097,USA
28098,Australia
28099,USA
28100,USA
28101,Canada
28102,Australia
28103,Australia
28104,USA
28105,USA
28106,USA
28107,Australia
28108,Australia
28109,Australia
28110,Australia
28111,Australia
28112,USA
28113,Australia
28114,Australia
28115,Australia
28116,Australia
28117,Australia
28118,Australia
28119,Australia
28120,Australia
28121,Canada
28122,USA
28123,USA
28124,USA
28125,USA
28126,USA
28127,USA
28128,USA
28129,Canada
28130,Canada
28131,USA
28132,Australia
28133,Australia
28134,Australia
28135,Australia
28136,Australia
28137,Australia
28138,Australia
28139,Australia
28140,Australia
28141,Canada
28142,USA
28143,USA
28144,USA
28145,USA
28146,USA
28147,USA
28148,USA
28149,USA
28150,USA
28151,USA
28152,USA
28153,Canada
28154,USA
28155,USA
28156,USA
28157,Canada
28158,USA
28159,USA
28160,Canada
28161,Canada
28162,USA
28163,USA
28164,USA
28165,Canada
28166,USA
28167,USA
28168,USA
28169,Canada
28170,USA
28171,USA
28172,USA
28173,Canada
28174,USA
28175,USA
28176,Canada
28177,Canada
28178,Canada
28179,USA
28180,USA
28181,USA
28182,USA
28183,USA
28184,USA
28185,USA
28186,USA
28187,USA
28188,USA
28189,Canada
28190,USA
28191,USA
28192,USA
28193,USA
28194,USA
28195,Canada
28196,USA
28197,Canada
28198,Canada
28199,USA
28200,USA
28201,Australia
28202,Australia
28203,Australia
28204,Australia
28205,Australia
28206,Australia
28207,Australia
28208,Australia
28209,Australia
28210,Australia
28211,Australia
28212,Australia
28213,Australia
28214,Australia
28215,Australia
28216,Australia
28217,Australia
28218,Australia
28219,Australia
28220,Australia
28221,USA
28222,USA
28223,USA
28224,USA
28225,USA
28226,USA
28227,USA
28228,USA
28229,USA
28230,USA
28231,USA
28232,USA
28233,USA
28234,USA
28235,USA
28236,USA
28237,USA
28238,USA
28239,Canada
28240,USA
28241,USA
28242,USA
28243,USA
28244,USA
28245,Canada
28246,USA
28247,USA
28248,Canada
28249,USA
28250,USA
28251,USA
28252,USA
28253,USA
28254,Canada
28255,USA
28256,USA
28257,USA
28258,USA
28259,USA
28260,Canada
28261,Canada
28262,USA
28263,USA
28264,USA
28265,USA
28266,USA
28267,USA
28268,USA
28269,USA
28270,USA
28271,USA
28272,Canada
28273,USA
28274,USA
28275,USA
28276,USA
28277,USA
28278,USA
28279,USA
28280,USA
28281,USA
28282,USA
28283,Canada
28284,Canada
28285,USA
28286,USA
28287,USA
28288,USA
28289,USA
28290,Canada
28291,USA
28292,Canada
28293,USA
28294,USA
28295,USA
28296,USA
28297,USA
28298,USA
28299,USA
28300,USA
28301,USA
28302,Canada
28303,Australia
28304,Australia
28305,Australia
28306,Australia
28307,Australia
28308,Australia
28309,Australia
28310,Australia
28311,Australia
28312,Australia
28313,Australia
28314,Australia
28315,Australia
28316,Australia
28317,Australia
28318,Australia
28319,Australia
28320,Australia
28321,Australia
28322,Australia
28323,Australia
28324,Australia
28325,Australia
28326,Australia
28327,Australia
28328,Australia
28329,Australia
28330,USA
28331,USA
28332,Canada
28333,USA
28334,USA
28335,USA
28336,USA
28337,USA
28338,Australia
28339,USA
28340,USA
28341,Canada
28342,Canada
28343,USA
28344,USA
28345,USA
28346,Canada
28347,USA
28348,Australia
28349,Australia
28350,Australia
28351,Australia
28352,Australia
28353,Australia
28354,Canada
28355,USA
28356,USA
28357,Canada
28358,USA
28359,Canada
28360,USA
28361,USA
28362,USA
28363,Canada
28364,France
28365,United Kingdom
28366,United Kingdom
28367,United Kingdom
28368,France
28369,Germany
28370,United Kingdom
28371,United Kingdom
28372,United Kingdom
28373,France
28374,Germany
28375,United Kingdom
28376,Germany
28377,United Kingdom
28378,France
28379,France
28380,France
28381,Germany
28382,Germany
28383,Germany
28384,France
28385,France
28386,United Kingdom
28387,United Kingdom
28388,Germany
28389,France
28390,France
28391,France
28392,United Kingdom
28393,France
28394,France
28395,France
28396,Germany
28397,United Kingdom
28398,France
28399,United Kingdom
28400,Germany
28401,France
28402,France
28403,United Kingdom
28404,Germany
28405,Germany
28406,France
28407,France
28408,United Kingdom
28409,Germany
28410,United Kingdom
28411,United Kingdom
28412,France
28413,United Kingdom
28414,France
28415,United Kingdom
28416,United Kingdom
28417,United Kingdom
28418,France
28419,France
28420,France
28421,Germany
28422,France
28423,Germany
28424,United Kingdom
28425,United Kingdom
28426,United Kingdom
28427,United Kingdom
28428,United Kingdom
28429,France
28430,Germany
28431,France
28432,Germany
28433,France
28434,Germany
28435,Germany
28436,United Kingdom
28437,United Kingdom
28438,United Kingdom
28439,United Kingdom
28440,France
28441,France
28442,France
28443,France
28444,France
28445,Germany
28446,United Kingdom
28447,France
28448,United Kingdom
28449,France
28450,Germany
28451,United Kingdom
28452,France
28453,Germany
28454,Germany
28455,Germany
28456,France
28457,France
28458,France
28459,United Kingdom
28460,France
28461,Germany
28462,France
28463,United Kingdom
28464,France
28465,Germany
28466,France
28467,Germany
28468,United Kingdom
28469,United Kingdom
28470,France
28471,France
28472,Germany
28473,United Kingdom
28474,United Kingdom
28475,France
28476,France
28477,United Kingdom
28478,France
28479,Australia
28480,Australia
28481,Australia
28482,Australia
28483,Australia
28484,Australia
28485,Australia
28486,Australia
28487,Australia
28488,Australia
28489,Germany
28490,Germany
28491,France
28492,France
28493,Germany
28494,Germany
28495,France
28496,France
28497,Germany
28498,France
28499,Germany
28500,Germany
28501,Germany
28502,Germany
28503,United Kingdom
28504,France
28505,Germany
28506,France
28507,Germany
28508,United Kingdom
28509,Germany
28510,France
28511,United Kingdom
28512,France
28513,Germany
28514,France
28515,United Kingdom
28516,United Kingdom
28517,United Kingdom
28518,Germany
28519,France
28520,France
28521,Germany
28522,Germany
28523,United Kingdom
28524,United Kingdom
28525,United Kingdom
28526,United Kingdom
28527,United Kingdom
28528,Germany
28529,France
28530,United Kingdom
28531,Germany
28532,France
28533,Australia
28534,Australia
28535,Australia
28536,Australia
28537,Australia
28538,Germany
28539,France
28540,France
28541,France
28542,France
28543,Germany
28544,Germany
28545,France
28546,France
28547,France
28548,Germany
28549,United Kingdom
28550,France
28551,France
28552,United Kingdom
28553,France
28554,Germany
28555,Germany
28556,Germany
28557,United Kingdom
28558,Germany
28559,France
28560,France
28561,United Kingdom
28562,France
28563,Germany
28564,Germany
28565,Germany
28566,Germany
28567,France
28568,Germany
28569,France
28570,United Kingdom
28571,USA
28572,USA
28573,USA
28574,Canada
28575,Canada
28576,USA
28577,USA
28578,USA
28579,USA
28580,USA
28581,Canada
28582,USA
28583,USA
28584,USA
28585,USA
28586,USA
28587,USA
28588,USA
28589,Canada
28590,USA
28591,USA
28592,USA
28593,USA
28594,USA
28595,USA
28596,USA
28597,USA
28598,USA
28599,USA
28600,Canada
28601,USA
28602,Canada
28603,USA
28604,USA
28605,USA
28606,USA
28607,USA
28608,Canada
28609,USA
28610,USA
28611,USA
28612,USA
28613,USA
28614,USA
28615,USA
28616,USA
28617,USA
28618,USA
28619,USA
28620,Canada
28621,USA
28622,USA
28623,USA
28624,Canada
28625,USA
28626,Canada
28627,USA
28628,USA
28629,USA
28630,Canada
28631,Canada
28632,USA
28633,USA
28634,USA
28635,USA
28636,USA
28637,USA
28638,USA
28639,USA
28640,Canada
28641,USA
28642,USA
28643,USA
28644,USA
28645,USA
28646,Canada
28647,Canada
28648,Canada
28649,USA
28650,USA
28651,USA
28652,Canada
28653,USA
28654,USA
28655,USA
28656,Canada
28657,USA
28658,USA
28659,Canada
28660,USA
28661,USA
28662,USA
28663,Canada
28664,USA
28665,USA
28666,USA
28667,USA
28668,Canada
28669,Canada
28670,USA
28671,USA
28672,USA
28673,USA
28674,USA
28675,USA
28676,USA
28677,USA
28678,USA
28679,USA
28680,USA
28681,USA
28682,USA
28683,France
28684,Germany
28685,France
28686,Germany
28687,Germany
28688,Germany
28689,France
28690,France
28691,Germany
28692,United Kingdom
28693,United Kingdom
28694,United Kingdom
28695,United Kingdom
28696,United Kingdom
28697,United Kingdom
28698,Germany
28699,Germany
28700,Germany
28701,Germany
28702,Germany
28703,United Kingdom
28704,United Kingdom
28705,Germany
28706,Germany
28707,France
28708,France
28709,United Kingdom
28710,Germany
28711,France
28712,United Kingdom
28713,France
28714,Australia
28715,Australia
28716,Australia
28717,Australia
28718,Australia
28719,Australia
28720,Australia
28721,Australia
28722,France
28723,United Kingdom
28724,France
28725,France
28726,Germany
28727,France
28728,France
28729,United Kingdom
28730,United Kingdom
28731,United Kingdom
28732,United Kingdom
28733,United Kingdom
28734,United Kingdom
28735,United Kingdom
28736,France
28737,France
28738,United Kingdom
28739,France
28740,France
28741,Germany
28742,United Kingdom
28743,France
28744,Germany
28745,United Kingdom
28746,United Kingdom
28747,United Kingdom
28748,United Kingdom
28749,France
28750,France
28751,France
28752,Germany
28753,United Kingdom
28754,Germany
28755,United Kingdom
28756,France
28757,France
28758,France
28759,United Kingdom
28760,USA
28761,USA
28762,USA
28763,USA
28764,USA
28765,USA
28766,Canada
28767,Canada
28768,USA
28769,USA
28770,USA
28771,Canada
28772,USA
28773,USA
28774,USA
28775,USA
28776,USA
28777,USA
28778,Canada
28779,Canada
28780,USA
28781,USA
28782,USA
28783,USA
28784,USA
28785,USA
28786,USA
28787,USA
28788,USA
28789,USA
28790,USA
28791,USA
28792,USA
28793,USA
28794,USA
28795,USA
28796,USA
28797,USA
28798,Canada
28799,USA
28800,USA
28801,USA
28802,Canada
28803,USA
28804,USA
28805,USA
28806,USA
28807,USA
28808,USA
28809,USA
28810,USA
28811,USA
28812,USA
28813,USA
28814,USA
28815,USA
28816,USA
28817,Canada
28818,Canada
28819,Canada
28820,USA
28821,USA
28822,USA
28823,USA
28824,USA
28825,USA
28826,USA
28827,USA
28828,USA
28829,USA
28830,USA
28831,USA
28832,Canada
28833,USA
28834,Canada
28835,USA
28836,Canada
28837,Canada
28838,USA
28839,USA
28840,USA
28841,USA
28842,USA
28843,USA
28844,USA
28845,USA
28846,USA
28847,USA
28848,Canada
28849,USA
28850,Canada
28851,USA
28852,USA
28853,USA
28854,USA
28855,USA
28856,USA
28857,USA
28858,USA
28859,USA
28860,USA
28861,USA
28862,USA
28863,USA
28864,USA
28865,USA
28866,USA
28867,USA
28868,USA
28869,USA
28870,USA
28871,USA
28872,Australia
28873,USA
28874,USA
28875,France
28876,Germany
28877,United Kingdom
28878,United Kingdom
28879,United Kingdom
28880,United Kingdom
28881,France
28882,France
28883,United Kingdom
28884,United Kingdom
28885,France
28886,France
28887,Germany
28888,France
28889,Germany
28890,Germany
28891,United Kingdom
28892,United Kingdom
28893,France
28894,France
28895,Germany
28896,United Kingdom
28897,France
28898,United Kingdom
28899,United Kingdom
28900,Germany
28901,Germany
28902,Germany
28903,United Kingdom
28904,France
28905,France
28906,France
28907,United Kingdom
28908,United Kingdom
28909,France
28910,France
28911,France
28912,France
28913,United Kingdom
28914,United Kingdom
28915,France
28916,United Kingdom
28917,France
28918,United Kingdom
28919,France
28920,Germany
28921,United Kingdom
28922,Australia
28923,Australia
28924,Australia
28925,Australia
28926,Australia
28927,Australia
28928,Australia
28929,Australia
28930,Australia
28931,Australia
28932,Australia
28933,Australia
28934,Australia
28935,Australia
28936,Australia
28937,Australia
28938,Australia
28939,Australia
28940,Australia
28941,Australia
28942,Australia
28943,Australia
28944,Australia
28945,Australia
28946,Australia
28947,Australia
28948,Australia
28949,Australia
28950,Australia
28951,Australia
28952,Australia
28953,Australia
28954,Australia
28955,Australia
28956,Australia
28957,Australia
28958,Australia
28959,Australia
28960,Australia
28961,Australia
28962,Australia
28963,Australia
28964,Canada
28965,USA
28966,USA
28967,USA
28968,USA
28969,USA
28970,USA
28971,USA
28972,USA
28973,USA
28974,USA
28975,USA
28976,Canada
28977,USA
28978,USA
28979,USA
28980,USA
28981,USA
28982,USA
28983,USA
28984,USA
28985,USA
28986,Canada
28987,USA
28988,USA
28989,USA
28990,USA
28991,USA
28992,Canada
28993,USA
28994,USA
28995,USA
28996,Canada
28997,USA
28998,USA
28999,USA
29000,USA
29001,Canada
29002,USA
29003,USA
29004,USA
29005,Canada
29006,USA
29007,USA
29008,USA
29009,USA
29010,USA
29011,USA
29012,Canada
29013,Canada
29014,USA
29015,USA
29016,USA
29017,USA
29018,USA
29019,USA
29020,USA
29021,Canada
29022,USA
29023,USA
29024,USA
29025,USA
29026,USA
29027,Canada
29028,USA
29029,USA
29030,USA
29031,USA
29032,USA
29033,USA
29034,USA
29035,USA
29036,USA
29037,Canada
29038,USA
29039,USA
29040,USA
29041,Canada
29042,Canada
29043,Canada
29044,USA
29045,USA
29046,USA
29047,Canada
29048,USA
29049,USA
29050,USA
29051,USA
29052,USA
29053,Australia
29054,Australia
29055,Australia
29056,USA
29057,USA
29058,USA
29059,USA
29060,USA
29061,Australia
29062,Australia
29063,Australia
29064,Australia
29065,Australia
29066,Australia
29067,Australia
29068,Australia
29069,Australia
29070,USA
29071,Canada
29072,Canada
29073,USA
29074,USA
29075,USA
29076,USA
29077,USA
29078,USA
29079,USA
29080,Australia
29081,Australia
29082,Australia
29083,Australia
29084,Australia
29085,Australia
29086,Australia
29087,Australia
29088,Australia
29089,USA
29090,Australia
29091,Australia
29092,Australia
29093,Australia
29094,Australia
29095,Australia
29096,Australia
29097,Australia
29098,Australia
29099,Australia
29100,Australia
29101,Australia
29102,Australia
29103,Australia
29104,Canada
29105,USA
29106,USA
29107,USA
29108,USA
29109,USA
29110,USA
29111,USA
29112,USA
29113,Australia
29114,Australia
29115,Australia
29116,Australia
29117,Australia
29118,Australia
29119,Australia
29120,Australia
29121,Australia
29122,Australia
29123,Australia
29124,Canada
29125,USA
29126,USA
29127,USA
29128,USA
29129,USA
29130,Canada
29131,USA
29132,USA
29133,USA
29134,USA
29135,Canada
29136,USA
29137,Canada
29138,USA
29139,USA
29140,USA
29141,USA
29142,USA
29143,USA
29144,USA
29145,USA
29146,USA
29147,USA
29148,USA
29149,Canada
29150,USA
29151,USA
29152,Canada
29153,USA
29154,Canada
29155,USA
29156,USA
29157,USA
29158,USA
29159,Canada
29160,USA
29161,USA
29162,USA
29163,USA
29164,USA
29165,Canada
29166,USA
29167,USA
29168,USA
29169,USA
29170,USA
29171,USA
29172,USA
29173,USA
29174,USA
29175,USA
29176,Canada
29177,USA
29178,Australia
29179,Australia
29180,Australia
29181,Australia
29182,Australia
29183,Australia
29184,Australia
29185,Australia
29186,Australia
29187,Australia
29188,Australia
29189,Australia
29190,Australia
29191,Australia
29192,Australia
29193,Australia
29194,Australia
29195,Australia
29196,Australia
29197,Canada
29198,USA
29199,USA
29200,USA
29201,USA
29202,USA
29203,USA
29204,USA
29205,USA
29206,USA
29207,USA
29208,USA
29209,Canada
29210,USA
29211,USA
29212,USA
29213,Canada
29214,Canada
29215,USA
29216,USA
29217,USA
29218,USA
29219,USA
29220,USA
29221,USA
29222,USA
29223,USA
29224,USA
29225,USA
29226,USA
29227,USA
29228,USA
29229,Canada
29230,Canada
29231,Canada
29232,USA
29233,USA
29234,USA
29235,USA
29236,USA
29237,USA
29238,USA
29239,USA
29240,Canada
29241,USA
29242,USA
29243,USA
29244,USA
29245,USA
29246,USA
29247,Canada
29248,USA
29249,USA
29250,USA
29251,USA
29252,USA
29253,USA
29254,USA
29255,USA
29256,Canada
29257,USA
29258,USA
29259,Canada
29260,USA
29261,USA
29262,USA
29263,USA
29264,USA
29265,USA
29266,Canada
29267,Canada
29268,USA
29269,USA
29270,USA
29271,USA
29272,USA
29273,USA
29274,USA
29275,USA
29276,USA
29277,Canada
29278,USA
29279,USA
29280,USA
29281,Canada
29282,Canada
29283,USA
29284,USA
29285,USA
29286,Australia
29287,Australia
29288,Australia
29289,Australia
29290,Australia
29291,Australia
29292,Australia
29293,Australia
29294,Australia
29295,Australia
29296,Australia
29297,Australia
29298,Australia
29299,Australia
29300,Australia
29301,Australia
29302,Australia
29303,Australia
29304,Australia
29305,Australia
29306,Australia
29307,Australia
29308,Australia
29309,Australia
29310,Australia
29311,Australia
29312,Australia
29313,Australia
29314,Australia
29315,Australia
29316,Australia
29317,Australia
29318,Australia
29319,Australia
29320,Australia
29321,Australia
29322,USA
29323,Canada
29324,USA
29325,USA
29326,USA
29327,USA
29328,USA
29329,USA
29330,Unknown
29331,Australia
29332,Australia
29333,Australia
29334,USA
29335,Unknown
29336,Canada
29337,Australia
29338,Australia
29339,Canada
29340,Canada
29341,Canada
29342,Australia
29343,Australia
29344,Australia
29345,Australia
29346,Australia
29347,USA
29348,USA
29349,USA
29350,Unknown
29351,Canada
29352,USA
29353,USA
29354,USA
29355,Germany
29356,Germany
29357,United Kingdom
29358,United Kingdom
29359,United Kingdom
29360,United Kingdom
29361,France
29362,Germany
29363,Germany
29364,France
29365,Germany
29366,United Kingdom
29367,United Kingdom
29368,United Kingdom
29369,United Kingdom
29370,Germany
29371,Germany
29372,France
29373,United Kingdom
29374,Germany
29375,Germany
29376,United Kingdom
29377,Germany
29378,France
29379,France
29380,France
29381,Germany
29382,United Kingdom
29383,United Kingdom
29384,United Kingdom
29385,Germany
29386,United Kingdom
29387,France
29388,France
29389,France
29390,France
29391,Germany
29392,United Kingdom
29393,France
29394,Germany
29395,France
29396,Germany
29397,France
29398,Germany
29399,Germany
29400,Germany
29401,United Kingdom
29402,France
29403,Germany
29404,France
29405,France
29406,Germany
29407,United Kingdom
29408,France
29409,Germany
29410,Germany
29411,United Kingdom
29412,France
29413,France
29414,France
29415,France
29416,United Kingdom
29417,Germany
29418,Germany
29419,France
29420,France
29421,France
29422,France
29423,France
29424,Germany
29425,United Kingdom
29426,France
29427,France
29428,Germany
29429,France
29430,Germany
29431,United Kingdom
29432,United Kingdom
29433,United Kingdom
29434,Germany
29435,Germany
29436,Germany
29437,France
29438,Germany
29439,United Kingdom
29440,Germany
29441,Germany
29442,Germany
29443,United Kingdom
29444,United Kingdom
29445,France
29446,Germany
29447,France
29448,Germany
29449,Germany
29450,France
29451,France
29452,Australia
29453,Australia
29454,Australia
29455,Australia
29456,Australia
29457,Australia
29458,Australia
29459,Australia
29460,Australia
29461,Australia
29462,Australia
29463,Australia
29464,Australia
29465,Australia
29466,Germany
29467,Germany
29468,United Kingdom
29469,United Kingdom
29470,France
29471,France
29472,France
29473,United Kingdom
29474,Germany
29475,Germany
29476,Germany
29477,United Kingdom
29478,United Kingdom
29479,France
29480,United Kingdom
29481,Germany
29482,France
29483,France
